{"time":1614676845696,"app_id":"350685531728","app_ver":"303.0.0.30.122","build_num":269803764,"device":"MI 3","os_ver":"6.0.1","device_id":"5265fc70-f570-449e-ab45-87b032690f5c","family_device_id":"5265fc70-f570-449e-ab45-87b032690f5c","session_id":"UFS-f953c59a-bae2-4b83-8faa-7598ea402afc-fg-1","seq":0,"uid":null,"data":[{"extra":{"pigeon_reserved_keyword_module":"unknown","seq":0,"nav_attribution_id":{},"nav_attribution_id_v2":"SimpleLoginActivity,,foreground,1614676843.990,245588014,","click_point":"foreground","dest_module_class":"SimpleLoginActivity","radio_type":"wifi-none","pigeon_reserved_keyword_requested_latency":-1.0},"log_type":"client_event","bg":"false","time":1.614676843979E9,"name":"navigation","sampling_rate":1,"tags":768},{"extra":{"marker_id":3997703,"instance_id":2050613858,"sample_rate":1,"time_since_boot_ms":642425,"duration_ns":4671000000,"action_id":2,"marker_type":1,"method":"random_sampling","annotations_int":{"coldStartMode":3,"sinceBoot":647098,"activitiesCreated":2,"startCount":0,"priorStartType":0},"annotations_bool":{"isScreenOff":false,"isDeviceLocked":false},"annotations":{"runningAppProcessImportance":"IMPORTANCE_FOREGROUND","stories_tray_client_request_id":"1f131730-adfb-495b-bfb3-b05f04865f22","tray_fetch_reason":"cold_start","tray_not_available_reason":"graphql_error","surface":"login_screen","manually_instrumented_surface":"login_screen","preloadStartupClasses":"not_attempted","successReason":"manual_login_screen","language_load_from_cache":"false","language_format":"langpack"},"marker":"client_tti","points":[{"timeSinceStart":2992,"name":"preloadBackgroundComponentsStart"},{"timeSinceStart":2992,"name":"preloadBackgroundComponentsEnd"},{"timeSinceStart":2992,"name":"preloadForegroundComponentsStart"},{"timeSinceStart":3685,"name":"stories_tray_early_fetch_started"},{"timeSinceStart":3706,"name":"stories_tray_fetch_begin"},{"timeSinceStart":3711,"name":"stories_tray_query_prepare_start"},{"timeSinceStart":3781,"name":"Activity:onFinish","data":{"string":{"__key":"com.facebook.katana.activity.FbMainTabActivity"}}},{"timeSinceStart":3790,"name":"Activity:onFinish1","data":{"string":{"__key":"com.facebook.katana.activity.FbMainTabActivity"}}},{"timeSinceStart":3796,"name":"Activity:onCreate","data":{"string":{"__key":"com.facebook.katana.activity.FbMainTabActivity"}}},{"timeSinceStart":3813,"name":"Activity:onDestroy","data":{"string":{"__key":"com.facebook.katana.activity.FbMainTabActivity"}}},{"timeSinceStart":3838,"name":"Activity:onCreate1","data":{"string":{"__key":"com.facebook.account.login.activity.SimpleLoginActivity"}}},{"timeSinceStart":3868,"name":"stories_tray_query_prepare_end"},{"timeSinceStart":4273,"name":"Activity:onStart","data":{"string":{"__key":"com.facebook.account.login.activity.SimpleLoginActivity"}}},{"timeSinceStart":4574,"name":"preloadForegroundComponentsEnd"},{"timeSinceStart":4622,"name":"Activity:onResume","data":{"string":{"__key":"com.facebook.account.login.activity.SimpleLoginActivity"}}},{"timeSinceStart":4671,"name":"surface_marked","data":{"string":{"__key":"login_screen"}}},{"timeSinceStart":2913,"name":"StringResourcesDelegate:init"},{"timeSinceStart":2923,"name":"StringResourcesDelegate:loadResourcesIfNeeded"},{"timeSinceStart":3592,"name":"ColdStart/ApplicationCreate"},{"timeSinceStart":3849,"name":"StringResourcesActivityListener:Start"},{"timeSinceStart":3849,"name":"StringResourcesActivityListener:UpdateLanguagePackStarted"},{"timeSinceStart":3849,"name":"StringResourcesActivityListener:UpdatedLanguage"},{"timeSinceStart":3850,"name":"StringResourcesActivityListener:GotReactNativeResources"},{"timeSinceStart":3851,"name":"StringResourcesActivityListener:Complete"}],"metadata":{"cpu_stats":{"start_pri":0,"stop_pri":0,"ps_cpu_ms":2508,"th_cpu_ms":524,"low_power_state":"false"},"io_stats":{"ps_flt":65,"proc_delayacct_blkio_ticks":0,"th_flt":7,"class_load_attempts":4061,"dex_queries":5772,"class_loads_failed":1,"locator_assists":0,"wrong_dfa_guesses":0,"allocstall":0,"pages_in":167028,"pages_out":1816,"ps_min_flt":43955,"avail_disk_spc_kb":9018428,"io_readbytes":0,"io_readchars":0,"io_readsyscalls":0,"io_writebytes":0,"io_writechars":0,"io_writesyscalls":0,"io_cancelledwb":0},"memory_stats":{"avail_mem":1249017856,"low_mem":140963840,"total_mem":2067419136},"network_stats":{"connqual":"GOOD","network_type":"wifi","network_subtype":"none"},"dex_info":{"odex_scheme_name":"OdexSchemeArtXdex","disabled_rt_verifier":true,"class_name":"MultiDexClassLoaderJava"},"data_usage":{"bytes_received":792,"bytes_transmitted":1696},"litho_stats":{"litho_component_applied_state_update_counter":0,"litho_component_triggered_sync_state_update_counter":0,"litho_component_triggered_async_state_update_counter":0,"litho_calculate_layout_counter":0,"litho_calculate_layout_on_ui_counter":0,"litho_mount_counter":0,"litho_section_applied_state_update_counter":0,"litho_section_triggered_sync_state_update_counter":0,"litho_section_triggered_async_state_update_counter":0,"litho_section_calculate_new_changeset_counter":0,"litho_section_calculate_new_changeset_on_ui_counter":0},"startup_stats":{"app_init_ms":646072,"time_since_app_init_ms":-3647,"first_foreground_ms":646219,"last_foreground_ms":647093,"startup_status":"COLD"},"network_detailed_info":{"network_info_network_changed":true,"network_info_celltower_changed":false,"network_info_opened_conn":0,"network_info_signal_level":4,"network_info_signal_dbm":-41,"network_info_frequency_mhz":5825,"network_info_link_speed_mbps":72,"network_info_app_backgrounded":false,"network_info_ms_since_init":1448,"network_info_may_have_network":false,"network_info_req_bw_ingress_avg":0,"network_info_req_bw_ingress_std_dev":0.0,"network_info_req_bw_egress_avg":0,"network_info_req_bw_egress_std_dev":0.0,"network_info_latency_quality":"unknown","network_info_upload_bw_quality":"unknown","network_info_download_bw_quality":"unknown","estimated_ttfb_ms":-1,"estimated_bandwidth_bps":-1},"fb4a_startup_stats":{"start_op_count":14,"activity_listener_count":38,"quick_event_listener_count":84,"broadcast_receiver_count":2,"executed_app_job_count":0,"controller_callback_count":0,"tigon_request_count":2,"pigeon_write_count":0,"tofu_fetch_count":0}},"radio_type":"wifi-none","pigeon_reserved_keyword_requested_latency":-1.0},"log_type":"client_event","bg":"false","time":1.614676842104E9,"name":"perf","sampling_rate":1,"tags":1088},{"extra":{"state":"LOGIN_MAIN","pigeon_reserved_keyword_module":"simple_reg","radio_type":"wifi-none","pigeon_reserved_keyword_requested_latency":-1.0},"log_type":"client_event","bg":"false","time":1.614676844778E9,"name":"fb4a_portal_activity_state","sampling_rate":1,"tags":257},{"extra":{"datr_device_snaptu":"5265fc70-f570-449e-ab45-87b032690f5c","event":"render","location":"fb4a_login_page","has_banner_seen":false,"consent_event":null,"is_consent_required":false,"content_type":1,"carrier_id":0,"radio_type":"wifi-none","pigeon_reserved_keyword_requested_latency":-1.0},"log_type":"client_event","bg":"false","time":1.614676844985E9,"name":"zero_header_transparency","sampling_rate":1,"tags":257},{"extra":{"audio_config_data":{"audio_language":"en","audio_file_name":"usability_playground_test_en","audio_link":"-1"},"event":"debug_audio_gating_no_value","fb4a_device_id":"5265fc70-f570-449e-ab45-87b032690f5c","current_volume":11,"max_volume":15,"product":"login","has_error":false,"radio_type":"wifi-none","pigeon_reserved_keyword_requested_latency":-1.0},"log_type":"client_event","bg":"false","time":1.614676845015E9,"name":"sc_audio_messages_event","sampling_rate":1,"tags":257},{"extra":{"radio_type":"wifi-none","pigeon_reserved_keyword_requested_latency":-1.0},"log_type":"client_event","bg":"false","time":1.614676845553E9,"name":"search_sent","sampling_rate":1,"tags":257},{"extra":{"trigger_name":"application_init","job_name":"FBAppStateReporter.init","wait_time":6041,"is_needed_time":0,"radio_type":"wifi-none","pigeon_reserved_keyword_requested_latency":-1.0},"log_type":"client_event","bg":"false","time":1.614676849013E9,"name":"appjobs_android_job_started","sampling_rate":200,"tags":257},{"extra":{"boot_id":"b4be8678-4d28-48f9-aced-2dc3134c6980","battery":0.47999998927116394,"charge_state":"charging_usb","battery_health":"good","wifi_enabled":true,"wifi_connected":true,"mobile_data_enabled":"true","airplane_mode_on":"false","time_since_boot_ms":652120,"screen_brightness_raw_value":95,"connection":"WIFI","free_mem":482,"total_mem":512,"total_mem_device":2067419136,"analytic_counters":{"device_bytes_sent_since_boot":445773,"total_device_bytes_sent":5456,"app_bytes_received_since_boot":396,"total_bytes_received_foreground":172,"app_bytes_sent_since_boot":3926,"device_bytes_received_since_boot":522840,"total_bytes_received":232,"total_bytes_sent":2800,"total_bytes_sent_foreground":1279,"total_device_bytes_received":1085},"process":"<default>","pigeon_reserved_keyword_module":"device","radio_type":"wifi-none","pigeon_reserved_keyword_requested_latency":-1.0},"log_type":"client_event","bg":"false","time":1.614676849017E9,"name":"device_status","sampling_rate":1,"tags":1088},{"extra":{"trigger_name":"first_app_foregrounded","job_name":"FeedbackReactionsCleaner.init","wait_time":6295,"execution_time":1,"radio_type":"wifi-none","pigeon_reserved_keyword_requested_latency":-1.0},"log_type":"client_event","bg":"false","time":1.614676850316E9,"name":"appjobs_android_job_finished","sampling_rate":200,"tags":257},{"extra":{"job_info":{"hints":"[DEFERRABLE]","completed_time":"653484","scheduled_time":"653037","started_time":"653484","description":"com.facebook.nativetemplates.fb.state.NTStateJSVM#init"},"radio_type":"wifi-none","pigeon_reserved_keyword_requested_latency":-1.0},"log_type":"client_event","bg":"false","time":1.614676850411E9,"name":"android_job_orchestrator","sampling_rate":200,"tags":257},{"extra":{"job_info":{"hints":"[DEFERRABLE, SCOPE_APP_IN_FOREGROUND, TRIGGER_SCOPE_ENTER]","completed_time":"655272","scheduled_time":"654693","started_time":"655271","description":"com.facebook.startup.FileMLock#onForegroundAppJob"},"radio_type":"wifi-none","pigeon_reserved_keyword_requested_latency":-1.0},"log_type":"client_event","bg":"false","time":1.614676852199E9,"name":"android_job_orchestrator","sampling_rate":200,"tags":257},{"extra":{"trigger_name":"app_foregrounded","job_name":"ZeroInterstitialEligibilityManager.onForegroundAppJob","wait_time":8284,"execution_time":1,"radio_type":"wifi-none","pigeon_reserved_keyword_requested_latency":-1.0},"log_type":"client_event","bg":"false","time":1.614676852305E9,"name":"appjobs_android_job_finished","sampling_rate":200,"tags":257},{"extra":{"stage":"http_client_execute","error":"TigonErrorException","network":"WIFI","network_state":"CONNECTED","request_name":"ota_resource","uri":"https://b-graph.facebook.com/v3.1/ota_resource","method":"POST","radio_type":"wifi-none","pigeon_reserved_keyword_requested_latency":-1.0},"log_type":"client_event","bg":"false","time":1.614676873748E9,"name":"http_error","sampling_rate":200,"tags":0},{"extra":{"event_name":"search_error","radio_type":"wifi-none","pigeon_reserved_keyword_requested_latency":-1.0},"log_type":"client_event","bg":"false","time":1.614676876463E9,"name":"account_recovery_temp_client_events","sampling_rate":1,"tags":257},{"extra":{"total_retries":0.0,"total_duration_millis":31082.0,"time_to_send_start_millis":1080.0,"startup_status_on_added":0.0,"retry_reason_history":"[0,2,3,0]","retry_reason_changes":0.0,"retrier_attempts":0.0,"response_header_bytes":0.0,"error_category":"TransientError domain: TigonLigerErrorDomain code: 3 detail: AdvancedHTTPSessionManager - connect timed out","response_body_bytes_on_wire":0.0,"num_requests_queued_on_send_start":2.0,"response_body_bytes":0.0,"http_stack":"liger","request_status":"error","request_header_bytes":0.0,"request_body_bytes":0.0,"num_image_requests_queued_on_finish":0.0,"queue":"null","request_tos_accepted":true,"call_path":"com.facebook.fbui.remote.downloader.FetchFileExecutorImpl","num_requests_inflight_on_send_start":5.0,"num_requests_inflight_on_finish":2.0,"priority_on_inflight":1.0,"num_video_requests_queued_on_finish":0.0,"middleware_time_millis":33.0,"request_is_retriable":true,"response_header_bytes_on_wire":0.0,"expected_response_size_bytes":-1.0,"response_ttlb_millis":31082.0,"num_requests_queued_on_finish":0.0,"response_ttfb_millis":0.0,"recent_retry_reason_millis":0.0,"friendly_name":"assets_infra","logging_id":"","radio_type":"wifi-none","pigeon_reserved_keyword_requested_latency":-1.0},"log_type":"client_event","bg":"false","time":1.614677000697E9,"name":"tigon_request","sampling_rate":200,"tags":272},{"extra":{"total_retries":0.0,"total_duration_millis":59989.0,"time_to_send_start_millis":29968.0,"startup_status_on_added":0.0,"retry_reason_history":"[0,2,3,0]","retry_reason_changes":0.0,"retrier_attempts":0.0,"response_header_bytes":0.0,"error_category":"TransientError domain: TigonLigerErrorDomain code: 3 detail: AsyncSocketException: connect timed out after 29998ms, type = Timed out","response_body_bytes_on_wire":0.0,"num_requests_queued_on_send_start":2.0,"response_body_bytes":0.0,"http_stack":"liger","request_status":"error","request_header_bytes":0.0,"request_body_bytes":0.0,"num_image_requests_queued_on_finish":0.0,"queue":"null","request_tos_accepted":true,"call_path":"com.facebook.fbui.remote.downloader.FetchFileExecutorImpl","num_requests_inflight_on_send_start":5.0,"num_requests_inflight_on_finish":1.0,"priority_on_inflight":1.0,"num_video_requests_queued_on_finish":0.0,"middleware_time_millis":37.0,"request_is_retriable":true,"response_header_bytes_on_wire":0.0,"expected_response_size_bytes":-1.0,"response_ttlb_millis":59989.0,"num_requests_queued_on_finish":0.0,"response_ttfb_millis":0.0,"recent_retry_reason_millis":0.0,"friendly_name":"assets_infra","logging_id":"","radio_type":"wifi-none","pigeon_reserved_keyword_requested_latency":-1.0},"log_type":"client_event","bg":"false","time":1.614677029628E9,"name":"tigon_request","sampling_rate":200,"tags":272}