{"time":1614676845576,"app_id":"350685531728","app_ver":"303.0.0.30.122","build_num":269803764,"device":"MI 3","os_ver":"6.0.1","device_id":"5265fc70-f570-449e-ab45-87b032690f5c","family_device_id":"5265fc70-f570-449e-ab45-87b032690f5c","session_id":"UFS-f953c59a-bae2-4b83-8faa-7598ea402afc-fg-0","seq":0,"uid":null,"data":[{"extra":{"job_info":{"hints":"[IMMEDIATE]","completed_time":"646742","scheduled_time":"645452","started_time":"645473","description":"com.facebook.feed.fragment.controllercallbacks.SwipeRefreshController#onConnectivityChanged"},"radio_type":"wifi-none","pigeon_reserved_keyword_requested_latency":-1.0},"log_type":"client_event","bg":"true","time":1.614676843711E9,"name":"android_job_orchestrator","sampling_rate":200,"tags":769},{"extra":{"pigeon_reserved_keyword_module":"marauder","tier":"normal","beacon_id":3,"beacon_session_id":1178219902,"radio_type":"wifi-none","pigeon_reserved_keyword_requested_latency":-1.0},"log_type":"client_event","bg":"false","time":1.614676845571E9,"name":"pigeon_beacon","sampling_rate":1,"tags":1088}