{"time":1615357470400,"app_id":"350685531728","app_ver":"303.0.0.30.122","build_num":269803764,"device":"MI 3","os_ver":"6.0.1","device_id":"5265fc70-f570-449e-ab45-87b032690f5c","family_device_id":"5265fc70-f570-449e-ab45-87b032690f5c","session_id":"UFS-a8e0ef7e-67e0-45ec-98b9-007cbe0fc792-fg-11","seq":1,"uid":"100057804977794","claims":["hmac.AR2ZJvJawHDoTViZoGNBWSeSx04MfnAubrlF1qN_WBN9p9t8"],"data":[{"extra":{"scenario":"scroll_perf_android","summaries":[{"dimensions":[{"name":"module","value":{"string_value":"news_feed_scroll"}},{"name":"marker_id","value":{"int_value":15990789}},{"name":"action_id","value":{"int_value":2}},{"name":"time_since_startup.if_less_than_31","value":{"int_value":0}}],"count":3,"aggregations":[{"metric":"total_time_spent.capped_60000.sum","value":{"int_value":1864}},{"metric":"4_frame_drop.capped_1000.0.sum","value":{"double_value":2.25}},{"metric":"1_frame_drop.capped_1000.0.sum","value":{"double_value":10.0}}]},{"dimensions":[{"name":"module","value":{"string_value":"news_feed_scroll"}},{"name":"marker_id","value":{"int_value":15990789}},{"name":"action_id","value":{"int_value":2}},{"name":"time_since_startup.if_less_than_31","value":{"int_value":1}}],"count":26,"aggregations":[{"metric":"total_time_spent.capped_60000.sum","value":{"int_value":13059}},{"metric":"4_frame_drop.capped_1000.0.sum","value":{"double_value":4.5}},{"metric":"1_frame_drop.capped_1000.0.sum","value":{"double_value":80.0}}]}],"radio_type":"wifi-none","pigeon_reserved_keyword_requested_latency":-2.0},"log_type":"client_event","bg":"true","time":1.615357470339E9,"name":"qpl_aggregations","sampling_rate":1,"tags":257}