{"time":1615357522870,"app_id":"350685531728","app_ver":"303.0.0.30.122","build_num":269803764,"device":"MI 3","os_ver":"6.0.1","device_id":"5265fc70-f570-449e-ab45-87b032690f5c","family_device_id":"5265fc70-f570-449e-ab45-87b032690f5c","session_id":"UFS-3cac9eb8-1f1e-40c4-86bb-f4ff3927166f-fg-1","seq":1,"uid":"100057804977794","claims":["hmac.AR2ZJvJawHDoTViZoGNBWSeSx04MfnAubrlF1qN_WBN9p9t8"],"data":[{"extra":{"error_code":3,"error":"Failure while using Google Mobile Service sdk to read advertising id. java.io.IOException: Connection failure","radio_type":"wifi-none","pigeon_reserved_keyword_requested_latency":-2.0},"log_type":"client_event","bg":"false","time":1.615357522861E9,"name":"ads_tracking_status","sampling_rate":1,"tags":257},{"extra":{"error_code":2,"error":"Fail to get advertising info.","radio_type":"wifi-none","pigeon_reserved_keyword_requested_latency":-2.0},"log_type":"client_event","bg":"false","time":1.61535752289E9,"name":"ads_tracking_status","sampling_rate":1,"tags":257},{"extra":{"scenario":"scroll_perf_android","summaries":[],"radio_type":"wifi-none","pigeon_reserved_keyword_requested_latency":-2.0},"log_type":"client_event","bg":"false","time":1.615357532049E9,"name":"qpl_aggregations","sampling_rate":1,"tags":257}