{"time":1614673876506,"app_id":"350685531728","app_ver":"303.0.0.30.122","build_num":269803764,"device":"MI 3","os_ver":"6.0.1","device_id":"5265fc70-f570-449e-ab45-87b032690f5c","family_device_id":"5265fc70-f570-449e-ab45-87b032690f5c","session_id":"UFS-dd5ab1df-f085-4068-81e5-65058a6712d0-fg-4","seq":0,"uid":null,"data":[{"extra":{"pigeon_reserved_keyword_module":"unknown","seq":2,"nav_attribution_id":{},"nav_attribution_id_v2":"SimpleLoginActivity,,foreground,1614673876.139,57662257,","click_point":"foreground","dest_module_class":"SimpleLoginActivity","radio_type":"wifi-none","pigeon_reserved_keyword_requested_latency":-1.0},"log_type":"client_event","bg":"false","time":1.614673876134E9,"name":"navigation","sampling_rate":1,"tags":256},{"extra":{"marker_id":3997705,"instance_id":1250295749,"sample_rate":1,"time_since_boot_ms":9280498,"duration_ns":40000000,"action_id":2,"marker_type":1,"method":"random_sampling","annotations":{"surface":"login_screen","manually_instrumented_surface":"login_screen","preloadStartupClasses":"not_attempted","successReason":"manual_login_screen"},"annotations_int":{"sinceBoot":9280539,"activitiesCreated":0,"startCount":2,"priorStartType":3},"marker":"client_tti","points":[{"timeSinceStart":2,"name":"Activity:onResume","data":{"string":{"__key":"com.facebook.account.login.activity.SimpleLoginActivity"}}},{"timeSinceStart":40,"name":"surface_marked","data":{"string":{"__key":"login_screen"}}}],"metadata":{"network_stats":{"connqual":"GOOD","network_type":"wifi","network_subtype":"none"},"dex_info":{"odex_scheme_name":"OdexSchemeArtXdex","disabled_rt_verifier":true,"class_name":"MultiDexClassLoaderJava"},"litho_stats":{"litho_component_applied_state_update_counter":0,"litho_component_triggered_sync_state_update_counter":0,"litho_component_triggered_async_state_update_counter":0,"litho_calculate_layout_counter":0,"litho_calculate_layout_on_ui_counter":0,"litho_mount_counter":0,"litho_section_applied_state_update_counter":0,"litho_section_triggered_sync_state_update_counter":0,"litho_section_triggered_async_state_update_counter":0,"litho_section_calculate_new_changeset_counter":0,"litho_section_calculate_new_changeset_on_ui_counter":0},"startup_stats":{"app_init_ms":7447459,"time_since_app_init_ms":1833039,"first_foreground_ms":7447665,"last_foreground_ms":9280536,"startup_status":"HOT"},"cpu_stats":{"start_pri":0,"stop_pri":0,"ps_cpu_ms":"22","th_cpu_ms":21,"low_power_state":"false"},"network_detailed_info":{"network_info_network_changed":false,"network_info_celltower_changed":false,"network_info_opened_conn":0,"network_info_signal_level":4,"network_info_signal_dbm":-39,"network_info_frequency_mhz":5825,"network_info_link_speed_mbps":72,"network_info_app_backgrounded":false,"network_info_ms_since_init":1833442,"network_info_may_have_network":false,"network_info_req_bw_ingress_avg":0,"network_info_req_bw_ingress_std_dev":0.0,"network_info_req_bw_egress_avg":0,"network_info_req_bw_egress_std_dev":0.0,"network_info_latency_quality":"unknown","network_info_upload_bw_quality":"unknown","network_info_download_bw_quality":"unknown","estimated_ttfb_ms":-1,"estimated_bandwidth_bps":-1},"fb4a_startup_stats":{"start_op_count":0,"activity_listener_count":10,"quick_event_listener_count":11,"broadcast_receiver_count":0,"executed_app_job_count":0,"controller_callback_count":0,"tigon_request_count":0,"pigeon_write_count":0,"tofu_fetch_count":0}},"radio_type":"wifi-none","pigeon_reserved_keyword_requested_latency":-1.0},"log_type":"client_event","bg":"false","time":1.61467387613E9,"name":"perf","sampling_rate":1,"tags":1088},{"extra":{"event_name":"oauth_token_fetch_state","event_info":{"exception_type":"java.io.IOException","state":"token_fetch_exception","exception_message":"Could not bind to service."},"radio_type":"wifi-none","pigeon_reserved_keyword_requested_latency":-1.0},"log_type":"client_event","bg":"false","time":1.614673876625E9,"name":"login_event_client","sampling_rate":1,"tags":257},{"extra":{"pigeon_reserved_keyword_module":"confirmation","error_message":"Get ID token method exception: Could not bind to service.","radio_type":"wifi-none","pigeon_reserved_keyword_requested_latency":-1.0},"log_type":"client_event","bg":"false","time":1.614673876705E9,"name":"email_auto_confirm_failure","sampling_rate":1,"tags":256}