{"time":1615357508273,"app_id":"350685531728","app_ver":"303.0.0.30.122","build_num":269803764,"device":"MI 3","os_ver":"6.0.1","device_id":"5265fc70-f570-449e-ab45-87b032690f5c","family_device_id":"5265fc70-f570-449e-ab45-87b032690f5c","session_id":"UFS-3cac9eb8-1f1e-40c4-86bb-f4ff3927166f-fg-1","seq":0,"uid":"100057804977794","claims":["hmac.AR2ZJvJawHDoTViZoGNBWSeSx04MfnAubrlF1qN_WBN9p9t8"],"data":[{"extra":{"pigeon_reserved_keyword_module":"unknown","dest_module":"native_newsfeed","seq":0,"visitation_id":"4748854339:3cffe:1:1615357506.72","nav_attribution_id":{"0":{"bookmark_id":"4748854339","session":"3cffe","subsession":1,"timestamp":"1615357506.72","tap_point":"cold_start","most_recent_tap_point":"cold_start","bookmark_type_name":null,"fallback":false,"badging":{"badge_count":0,"badge_type":"num"}}},"nav_attribution_id_v2":"NewsFeedFragment,native_newsfeed,cold_start,1615357506.98,168749876,4748854339","pigeon_reserved_keyword_uuid":"74868ff8-5352-4a03-ab8a-cfe19a5497c3","click_point":"cold_start","bookmark_id":"4748854339","dest_module_class":"NewsFeedFragment","radio_type":"wifi-none","pigeon_reserved_keyword_requested_latency":-1.0},"log_type":"client_event","bg":"false","time":1.615357506071E9,"name":"navigation","sampling_rate":1,"tags":768},{"extra":{"tracking":["{\"qid\":\"6937907254167521088\",\"mf_story_key\":\"4847524343075349241\",\"group_id\":\"817061345760987\",\"top_level_post_id\":\"898199210980533\",\"content_owner_id_new\":\"100023757283812\",\"page_id\":\"817061345760987\",\"src\":22,\"photo_attachments_list\":[\"919732202162014\",\"919732252162009\"],\"photo_id\":\"919732202162014\",\"story_location\":5,\"story_attachment_style\":\"album\",\"view_time\":1615357404,\"filter\":\"h_nor\",\"tds_flgs\":3,\"ott\":\"AX98ZrJO4Co9hTL6\",\"actrs\":\"100023757283812\"}"],"height":1828,"pigeon_reserved_keyword_module":"native_newsfeed","radio_type":"wifi-none","pigeon_reserved_keyword_requested_latency":-1.0},"log_type":"client_event","bg":"false","time":1.615357506549E9,"name":"feed_story_height","sampling_rate":1,"tags":768},{"extra":{"app_locale":"zh_CN","client_string_id":"2131958615","device_locale":"zh_CN","requested_locale":"zh_CN","requested_fb_locale":"zh_CN","translation_bundle_type":"fbt","logger_version":0,"logger_name":"FbtLoggerImpl","requested_variations":[0,1],"radio_type":"wifi-none","pigeon_reserved_keyword_requested_latency":-1.0},"log_type":"client_event","bg":"false","time":1.615357507687E9,"name":"intl_android_string_impressions","sampling_rate":200,"tags":257},{"extra":{"marker_id":3997703,"instance_id":199179886,"sample_rate":1,"time_since_boot_ms":5110406,"duration_ns":29013000000,"action_id":2,"marker_type":1,"method":"random_sampling","annotations_int":{"coldStartMode":3,"feedInitType":0,"feedInitSource":0,"sinceLastHeadFetch":55376,"FeedFullCachePrepareStatus":-1,"feedDatabaseResult":17,"countNewlyScoredCachedStories":-1,"feedunit_inflation":1,"FeedEdgeSeen":0,"FeedRankingSignalSeen":0,"tofu_rtt":2,"tofu_upstream_latency":252,"networkSize":1,"crf_1st_fetch_total_stories":1,"crf_1st_fetch_network_stories":1,"crf_1st_fetch_seen_stories":0,"crf_1st_fetch_duration_millis":2651,"stories_tray_metadata_source":0,"csr_process_new_stories_count":0,"crf_total_stories_sent_num":1,"crf_network_stories_sent_num":1,"crf_seen_stories_sent_num":0,"crf_network_fetch_stories_num":0,"stories_tray_rtt":5,"stories_tray_upstream_latency":187,"networkSize":1,"crf_network_fetch_stories_num":0,"stories_tray_metadata_source":0,"csr_process_new_stories_count":0,"crf_total_stories_sent_num":1,"crf_network_stories_sent_num":1,"crf_seen_stories_sent_num":0,"stories_tray_last_data_timestamp":1615357495254,"stories_tray_last_data_ttl":4500000,"stories_tray_last_data_bucket_count":0,"seenState":0,"sinceBoot":5139422,"visibleImagesFeed":4,"visibleImagesReleasedFeed":2,"visibleImagesStories":0,"visibleImagesOther":1,"activitiesCreated":2,"startCount":0,"priorStartType":0},"annotations_bool":{"isScreenOff":false,"isDeviceLocked":false,"stories_tray_reader_enable":false,"ignoredFeedNav":true,"hasVideo":false,"fromDb":true,"seeFirst":false,"instantFeed":false,"is_stale":false,"storiesAllBucketsLoaded":true,"WaitingForStringsActivity-onCreate":true,"firstRun":true,"dexesGenerated":true},"annotations":{"runningAppProcessImportance":"IMPORTANCE_FOREGROUND","headLoad":"CACHE_ONLY","clientQueryId":"1615357491_13d362cf-fc1d-4ace-8a6b-a2475f42a1ca","stories_tray_client_request_id":"cf496b4a-43a2-4eda-8fb3-e8d28734c624","tray_fetch_reason":"cold_start","crf_loader_state_pre_head_load":"INITIALIZED","feedTimeout":"NO_NETWORK_FETCH","FeedUnitCacheIdHash":"1990325683","dedupKey":"4847524343075349241","fb_request_id":"AEqGaZbIYK0COHMigdXW4kS","crf_network_fetch_load_type":"HEAD","crf_network_fetch_cause":"initialization","crf_1st_fetch_start_cause":"initialization","crf_1st_fetch_end_cause":"initialization","stories_tray_first_data_freshness":"FROM_CACHE_STALE","stories_tray_data_freshness":"FROM_CACHE_STALE","stories_tray_fetcher_data_source":"cache","stories_tray_source":"cache","crf_sent_to_ui_fetch_cause":"initialization","crf_loader_state_pre_head_load":"IDLE","crf_network_fetch_result":"success","crf_network_fetch_has_next_page":"false","stories_tray_first_data_source":"cache","stories_tray_data_source":"cache","stories_tray_data_source":"network","fb_request_id":"AYbjR_LcnmCuoZFti7M2Be0","crf_network_fetch_result":"success","crf_network_fetch_has_next_page":"false","stories_tray_data_freshness":"FROM_SERVER","stories_tray_fetcher_data_source":"network","crf_sent_to_ui_fetch_cause":"network_fill","surface":"native_newsfeed","feedSectionPrepare-STARTUP_FRESH":"FeedUnitCacheIdHash:1990325683;Source:STARTUP_FRESH","stories_tray_trace_uuid":"82f63d66-36e3-463d-8063-7c08a8be1229","feedSectionPrepare-init":"FeedUnitCacheIdHash:1990325683;Source:init","feedUnitAdapter":"Section","stories_tray_last_data_source":"network","stories_tray_last_data_query_reason":"cold_start","stories_tray_render_type":"async","attachmentStyle0":"ALBUM","hierarchy":"Normal","feedUnitType":"Story","finishReason":"F_Cache_Unread","stories_tray_is_data_changed":"true","stories_tray_is_view_mounted":"true","storiesDataSource":"network","ttrc:finish_reason":"badge_updated","feedSectionPrepare-onItemChanged":"FeedUnitCacheIdHash:1990325683;Source:onItemChanged","preloadStartupClasses":"not_attempted","successReason":"display_done","js_unpacked_on_startup_hot_bg":"skipped","language_format":"fbt","waiting_activity_delay":"300","language_load_from_cache":"false"},"annotations_int_array":{"FeedDbTotalCountByCategory":[0,0,14,0,1,2,0,0,0,0,0,0,0,0],"FeedDbUnseenCountByCategory":[0,0,12,0,0,1,0,0,0,0,0,0,0,0]},"marker":"client_tti","points":[{"timeSinceStart":12254,"name":"preloadBackgroundComponentsStart"},{"timeSinceStart":12816,"name":"FeedDataLoaderInit"},{"timeSinceStart":12908,"name":"stories_tray_early_fetch_started"},{"timeSinceStart":12931,"name":"Activity:onCreate","data":{"string":{"__key":"com.facebook.katana.activity.FbMainTabActivity"}}},{"timeSinceStart":12956,"name":"tofu_fetch","data":{"string":{"__key":"COLD_START"}}},{"timeSinceStart":12999,"name":"FeedDatabaseBegin"},{"timeSinceStart":13183,"name":"FeedOpenDbSuccess","data":{"string":{"__key":"0"}}},{"timeSinceStart":13230,"name":"tofu_fetch_begin"},{"timeSinceStart":13251,"name":"tofu_fetch_request_sent"},{"timeSinceStart":13375,"name":"stories_tray_fetch_begin"},{"timeSinceStart":13436,"name":"Activity:onFinish","data":{"string":{"__key":"com.facebook.katana.activity.FbMainTabActivity"}}},{"timeSinceStart":13457,"name":"StoriesCSRPerEdgeFetcherImpl_dl_init_start"},{"timeSinceStart":13485,"name":"Activity:onDestroy","data":{"string":{"__key":"com.facebook.katana.activity.FbMainTabActivity"}}},{"timeSinceStart":13517,"name":"StoriesCSRPerEdgeFetcherImpl_dl_init_end"},{"timeSinceStart":13518,"name":"CRF_NORMAL_HEAD_FETCH"},{"timeSinceStart":13518,"name":"crf_do_head_load_start"},{"timeSinceStart":13519,"name":"crf_initialize_start"},{"timeSinceStart":13530,"name":"FeedDatabaseSendStories"},{"timeSinceStart":13537,"name":"addCachedStoriesToCollectionBegin"},{"timeSinceStart":13644,"name":"crf_initialize_end"},{"timeSinceStart":13659,"name":"FeedRankingCacheBegin"},{"timeSinceStart":13667,"name":"crf_head_loading_start"},{"timeSinceStart":13668,"name":"crf_1st_fetch_start"},{"timeSinceStart":13729,"name":"FeedRankingCacheEnd"},{"timeSinceStart":13738,"name":"getNextBest:Begin"},{"timeSinceStart":13770,"name":"getNextBest:End"},{"timeSinceStart":13788,"name":"FeedSendStoriesToUI","data":{"string":{"__key":"ORGANIC:ALBUM"}}},{"timeSinceStart":13790,"name":"stories_tray_query_prepare_start"},{"timeSinceStart":13931,"name":"onFreshFeedStoriesReady"},{"timeSinceStart":14021,"name":"FeedEdgeAddedToUi"},{"timeSinceStart":13938,"name":"tofu_gql_parser_start"},{"timeSinceStart":13570,"name":"tofu_gql_network_start"},{"timeSinceStart":13935,"name":"tofu_gql_network_end"},{"timeSinceStart":13710,"name":"tofu_gql_server_start"},{"timeSinceStart":13798,"name":"tofu_gql_server_end"},{"timeSinceStart":13547,"name":"tofu_gql_request_start","data":{"string":{"query_name":"FetchInlineInboxQuery"}}},{"timeSinceStart":13964,"name":"tofu_gql_request_end","data":{"int":{"parsed_bytes":57255,"additive_parse_time":0,"network_attempts":1}}},{"timeSinceStart":14070,"name":"tofu_fetch_response_success"},{"timeSinceStart":14988,"name":"stories_tray_query_prepare_end"},{"timeSinceStart":15070,"name":"preloadBackgroundComponentsEnd"},{"timeSinceStart":15070,"name":"preloadForegroundComponentsStart"},{"timeSinceStart":15070,"name":"preloadForegroundComponentsEnd"},{"timeSinceStart":15222,"name":"crf_network_fetch_start"},{"timeSinceStart":15800,"name":"storiescsrnetworkcontroller_partition_start"},{"timeSinceStart":15884,"name":"storiescsrnetworkcontroller_partition_end"},{"timeSinceStart":15885,"name":"storiescsrnetworkcontroller_handle_result_result"},{"timeSinceStart":15885,"name":"storiescsrnetworkcontroller_empty_metadata"},{"timeSinceStart":16208,"name":"network_data_received"},{"timeSinceStart":16319,"name":"crf_send_to_ui_start"},{"timeSinceStart":16319,"name":"crf_1st_fetch_end"},{"timeSinceStart":16321,"name":"CRF_EMITTER_CONNECTION_CLEAR_UI_POOL"},{"timeSinceStart":16321,"name":"StoriesCSRPerEdgeFetcherImpl_collection_empty"},{"timeSinceStart":16333,"name":"stories_tray_network_parsing_begin"},{"timeSinceStart":16333,"name":"stories_tray_network_parsing_finished"},{"timeSinceStart":16334,"name":"stories_tray_fetch_finished"},{"timeSinceStart":16352,"name":"stories_tray_parsing_finished"},{"timeSinceStart":16355,"name":"StoriesCSRPerEdgeFetcherImpl_stale_cache_received"},{"timeSinceStart":16683,"name":"crf_network_fetch_end"},{"timeSinceStart":16838,"name":"stories_tray_cache_fetch_finished"},{"timeSinceStart":15689,"name":"stories_tray_fetch_cached_response_start","data":{"string":{"query_name":"FbStoriesLightBucketsQuery"}}},{"timeSinceStart":15722,"name":"stories_tray_fetch_cached_response_end","data":{"int":{"cache_response_age":55592}}},{"timeSinceStart":15724,"name":"stories_tray_cached_response_consistency_sync_start"},{"timeSinceStart":15767,"name":"stories_tray_cached_response_consistency_sync_end"},{"timeSinceStart":17340,"name":"storiescsrnetworkcontroller_network_no_new_items"},{"timeSinceStart":17373,"name":"stories_tray_network_fetch_finished"},{"timeSinceStart":15936,"name":"stories_tray_gql_parser_start"},{"timeSinceStart":15641,"name":"stories_tray_gql_network_start"},{"timeSinceStart":15932,"name":"stories_tray_gql_network_end"},{"timeSinceStart":15777,"name":"stories_tray_gql_server_start"},{"timeSinceStart":15800,"name":"stories_tray_gql_server_end"},{"timeSinceStart":15585,"name":"stories_tray_gql_request_start","data":{"string":{"query_name":"FbStoriesLightBucketsQuery"}}},{"timeSinceStart":15938,"name":"stories_tray_gql_request_end","data":{"int":{"parsed_bytes":1077,"additive_parse_time":0,"network_attempts":1}}},{"timeSinceStart":26404,"name":"Activity:onCreate1","data":{"string":{"__key":"com.facebook.katana.activity.FbMainTabActivity"}}},{"timeSinceStart":26411,"name":"MainTabActivity:OnCreateBegin"},{"timeSinceStart":26545,"name":"STV_TabSelected","data":{"string":{"__key":"Feed_null_null"}}},{"timeSinceStart":26565,"name":"MainTabActivity:OnCreateEnd"},{"timeSinceStart":26576,"name":"Activity:onStart","data":{"string":{"__key":"com.facebook.katana.activity.FbMainTabActivity"}}},{"timeSinceStart":26582,"name":"MainTabActivity:OnResumeBegin"},{"timeSinceStart":26586,"name":"Activity:onResume","data":{"string":{"__key":"com.facebook.katana.activity.FbMainTabActivity"}}},{"timeSinceStart":26613,"name":"surface_marked","data":{"string":{"__key":"native_newsfeed"}}},{"timeSinceStart":26614,"name":"MainTabActivity:OnResumeEnd"},{"timeSinceStart":26677,"name":"chromeDraw:pre"},{"timeSinceStart":26692,"name":"tabBadged_Feed"},{"timeSinceStart":26692,"name":"tabBadged_FriendRequests"},{"timeSinceStart":26693,"name":"tabBadged_Profile"},{"timeSinceStart":26693,"name":"tabBadged_Bookmark"},{"timeSinceStart":26756,"name":"NewsFeedFragment:OnCreateBegin"},{"timeSinceStart":26876,"name":"Prepare-STARTUP_FRESH"},{"timeSinceStart":27109,"name":"NewsFeedFragment:OnCreateEnd"},{"timeSinceStart":27477,"name":"FeedCreateAdapters"},{"timeSinceStart":27495,"name":"tofu_ui_update"},{"timeSinceStart":27518,"name":"Prepare-init"},{"timeSinceStart":27597,"name":"NewsFeedFragment:OnResumeBegin"},{"timeSinceStart":27760,"name":"Prepare-STARTUP_FRESH-End"},{"timeSinceStart":27797,"name":"NewsFeedFragment:OnResumeEnd"},{"timeSinceStart":27802,"name":"STV_FragmentResume","data":{"string":{"__key":"Feed_true_null"}}},{"timeSinceStart":27806,"name":"stories_tray_memory_data_requested"},{"timeSinceStart":27823,"name":"stories_tray_send_data_to_ui"},{"timeSinceStart":27833,"name":"stories_tray_render_requested"},{"timeSinceStart":27893,"name":"POST_CHROME.begin"},{"timeSinceStart":28061,"name":"tofu_ui_visible"},{"timeSinceStart":28111,"name":"STV_LithoVisible","data":{"string":{"__key":"Feed_true_true"}}},{"timeSinceStart":28112,"name":"FeedFirstUnitBind"},{"timeSinceStart":28324,"name":"didDrawListOnNewsFeed"},{"timeSinceStart":28325,"name":"DD/FeedFirstStoryRendered","data":{"string":{"__key":"success"}}},{"timeSinceStart":28326,"name":"DD/FeedImagesLoaded","data":{"string":{"__key":"success"}}},{"timeSinceStart":28327,"name":"didCompleteStartupTracking"},{"timeSinceStart":28366,"name":"DD/StoriesTrayRendered","data":{"string":{"__key":"success"}}},{"timeSinceStart":28366,"name":"DD/StoriesTrayImagesLoaded","data":{"string":{"__key":"success"}}},{"timeSinceStart":28502,"name":"InlineComposer:Visible"},{"timeSinceStart":0,"name":"ttrc:markerStart"},{"timeSinceStart":28556,"name":"ttrc:ttrc_start_trace_api_called"},{"timeSinceStart":28557,"name":"ttrc:badge_updated"},{"timeSinceStart":28558,"name":"ttrc:step_completed_badge"},{"timeSinceStart":28558,"name":"ttrc:time_to_initial_content"},{"timeSinceStart":28580,"name":"tabBadged_Notifications"},{"timeSinceStart":28688,"name":"Prepare-onItemChanged"},{"timeSinceStart":29012,"name":"DD/OtherImagesLoaded","data":{"string":{"__key":"success"}}},{"timeSinceStart":12168,"name":"StringResourcesDelegate:init"},{"timeSinceStart":12170,"name":"StringResourcesDelegate:loadResourcesIfNeeded"},{"timeSinceStart":12787,"name":"ColdStart/ApplicationCreate"},{"timeSinceStart":13007,"name":"StringResourcesActivityListener:Start"},{"timeSinceStart":13007,"name":"StringResourcesActivityListener:UpdateFBTLanguageStarted"},{"timeSinceStart":13007,"name":"StringResourcesActivityListener:UpdatedLanguage"},{"timeSinceStart":13007,"name":"StringResourcesActivityListener:GotReactNativeResources"},{"timeSinceStart":13007,"name":"StringResourcesActivityListener:DelayWaitingActivity"},{"timeSinceStart":13395,"name":"StringResourcesActivityListener:StartedWaitingActivity"},{"timeSinceStart":26297,"name":"LanguagePackLoader:startParse"},{"timeSinceStart":26339,"name":"StringResourcesDelegate:onLoadSuccessful"},{"timeSinceStart":26410,"name":"StringResourcesActivityListener:NativeStringIsReady"},{"timeSinceStart":26410,"name":"StringResourcesActivityListener:ReactNativeIsReady"},{"timeSinceStart":26410,"name":"StringResourcesActivityListener:Complete"}],"metadata":{"cpu_stats":{"start_pri":0,"stop_pri":-14,"ps_cpu_ms":23491,"th_cpu_ms":1868,"low_power_state":"false"},"io_stats":{"ps_flt":88,"proc_delayacct_blkio_ticks":0,"th_flt":24,"class_load_attempts":8311,"dex_queries":9926,"class_loads_failed":5,"locator_assists":0,"wrong_dfa_guesses":0,"allocstall":0,"pages_in":46780,"pages_out":86340,"ps_min_flt":129640,"avail_disk_spc_kb":9002944,"io_readbytes":0,"io_readchars":0,"io_readsyscalls":0,"io_writebytes":0,"io_writechars":0,"io_writesyscalls":0,"io_cancelledwb":0},"memory_stats":{"avail_mem":1159184384,"low_mem":140963840,"total_mem":2067419136},"network_stats":{"connqual":"GOOD","network_type":"wifi","network_subtype":"none"},"dex_info":{"dex_unopt":true,"odex_scheme_name":"OdexSchemeArtXdex","disabled_rt_verifier":true,"class_name":"MultiDexClassLoaderJava"},"data_usage":{"bytes_received":1914754,"bytes_transmitted":785199},"litho_stats":{"litho_component_applied_state_update_counter":2,"litho_component_triggered_sync_state_update_counter":0,"litho_component_triggered_async_state_update_counter":1,"litho_calculate_layout_counter":10,"litho_calculate_layout_on_ui_counter":2,"litho_mount_counter":24,"litho_section_applied_state_update_counter":2,"litho_section_triggered_sync_state_update_counter":0,"litho_section_triggered_async_state_update_counter":0,"litho_section_calculate_new_changeset_counter":12,"litho_section_calculate_new_changeset_on_ui_counter":6},"startup_stats":{"app_init_ms":5123197,"time_since_app_init_ms":-12791,"first_foreground_ms":5123334,"last_foreground_ms":5137013,"startup_status":"COLD"},"network_detailed_info":{"network_info_rtt_avg":272,"network_info_rtt_stddev":0.0,"network_info_network_changed":false,"network_info_celltower_changed":false,"network_info_opened_conn":0,"network_info_signal_level":4,"network_info_signal_dbm":-43,"network_info_frequency_mhz":5825,"network_info_link_speed_mbps":72,"network_info_app_backgrounded":false,"network_info_ms_since_init":16719,"network_info_may_have_network":false,"network_info_req_bw_ingress_avg":1401429,"network_info_req_bw_ingress_std_dev":0.0,"network_info_req_bw_egress_avg":0,"network_info_req_bw_egress_std_dev":0.0,"network_info_latency_quality":"moderate","network_info_upload_bw_quality":"unknown","network_info_download_bw_quality":"good","estimated_ttfb_ms":108,"estimated_bandwidth_bps":1452604},"fb4a_startup_stats":{"start_op_count":229,"activity_listener_count":43,"quick_event_listener_count":757,"broadcast_receiver_count":4,"executed_app_job_count":0,"controller_callback_count":181,"tigon_request_count":4,"pigeon_write_count":0,"tofu_fetch_count":1}},"radio_type":"wifi-none","pigeon_reserved_keyword_requested_latency":-1.0},"log_type":"client_event","bg":"false","time":1.615357490269E9,"name":"perf","sampling_rate":1,"tags":1088},{"extra":{"app_locale":"zh_CN","client_string_id":"2131821067","device_locale":"zh_CN","requested_locale":"zh_CN","requested_fb_locale":"zh_CN","translation_bundle_type":"fbt","logger_version":0,"logger_name":"FbtLoggerImpl","requested_variations":[0,1,1,6],"radio_type":"wifi-none","pigeon_reserved_keyword_requested_latency":-1.0},"log_type":"client_event","bg":"false","time":1.615357510899E9,"name":"intl_android_string_impressions","sampling_rate":200,"tags":257},{"extra":{"app_locale":"zh_CN","client_string_id":"2131970403","device_locale":"zh_CN","requested_locale":"zh_CN","requested_fb_locale":"zh_CN","translation_bundle_type":"fbt","logger_version":0,"logger_name":"FbtLoggerImpl","requested_variations":[0,1],"radio_type":"wifi-none","pigeon_reserved_keyword_requested_latency":-1.0},"log_type":"client_event","bg":"false","time":1.615357511173E9,"name":"intl_android_string_impressions","sampling_rate":200,"tags":257},{"extra":{"app_locale":"zh_CN","client_string_id":"2131958603","device_locale":"zh_CN","requested_locale":"zh_CN","requested_fb_locale":"zh_CN","translation_bundle_type":"fbt","logger_version":0,"logger_name":"FbtLoggerImpl","requested_variations":[0,1],"radio_type":"wifi-none","pigeon_reserved_keyword_requested_latency":-1.0},"log_type":"client_event","bg":"false","time":1.615357511784E9,"name":"intl_android_string_impressions","sampling_rate":200,"tags":257},{"extra":{"app_locale":"zh_CN","client_string_id":"2vOP9","device_locale":"zh_CN","requested_locale":"zh_CN","requested_fb_locale":"zh_CN","translation_bundle_type":"fbt","logger_version":0,"logger_name":"FbtLoggerImpl","requested_variations":[0,1],"radio_type":"wifi-none","pigeon_reserved_keyword_requested_latency":-1.0},"log_type":"client_event","bg":"false","time":1.615357512454E9,"name":"intl_android_string_impressions","sampling_rate":200,"tags":257},{"extra":{"app_locale":"zh_CN","client_string_id":"27QKsg","device_locale":"zh_CN","requested_locale":"zh_CN","requested_fb_locale":"zh_CN","translation_bundle_type":"fbt","logger_version":0,"logger_name":"FbtLoggerImpl","requested_variations":[0,1],"radio_type":"wifi-none","pigeon_reserved_keyword_requested_latency":-1.0},"log_type":"client_event","bg":"false","time":1.615357512556E9,"name":"intl_android_string_impressions","sampling_rate":200,"tags":257},{"extra":{"app_locale":"zh_CN","client_string_id":"25B40m","device_locale":"zh_CN","requested_locale":"zh_CN","requested_fb_locale":"zh_CN","translation_bundle_type":"fbt","logger_version":0,"logger_name":"FbtLoggerImpl","requested_variations":[0,1],"radio_type":"wifi-none","pigeon_reserved_keyword_requested_latency":-1.0},"log_type":"client_event","bg":"false","time":1.615357512583E9,"name":"intl_android_string_impressions","sampling_rate":200,"tags":257},{"extra":{"app_locale":"zh_CN","client_string_id":"3C3SOM","device_locale":"zh_CN","requested_locale":"zh_CN","requested_fb_locale":"zh_CN","translation_bundle_type":"fbt","logger_version":0,"logger_name":"FbtLoggerImpl","requested_variations":[0,1],"radio_type":"wifi-none","pigeon_reserved_keyword_requested_latency":-1.0},"log_type":"client_event","bg":"false","time":1.615357512642E9,"name":"intl_android_string_impressions","sampling_rate":200,"tags":257},{"extra":{"app_locale":"zh_CN","client_string_id":"2UgGP0","device_locale":"zh_CN","requested_locale":"zh_CN","requested_fb_locale":"zh_CN","translation_bundle_type":"fbt","logger_version":0,"logger_name":"FbtLoggerImpl","requested_variations":[0,1],"radio_type":"wifi-none","pigeon_reserved_keyword_requested_latency":-1.0},"log_type":"client_event","bg":"false","time":1.615357512669E9,"name":"intl_android_string_impressions","sampling_rate":200,"tags":257},{"extra":{"app_locale":"zh_CN","client_string_id":"2131970955","device_locale":"zh_CN","requested_locale":"zh_CN","requested_fb_locale":"zh_CN","translation_bundle_type":"fbt","logger_version":0,"logger_name":"FbtLoggerImpl","requested_variations":[0,1],"radio_type":"wifi-none","pigeon_reserved_keyword_requested_latency":-1.0},"log_type":"client_event","bg":"false","time":1.615357513389E9,"name":"intl_android_string_impressions","sampling_rate":200,"tags":257},{"extra":{"pigeon_reserved_keyword_module":"device","connection":"WIFI","quality":"GOOD","bandwidth":"GOOD","latency":"EXCELLENT","raw_kbps":1143.7446877398218,"raw_rtt":94.59934873691711,"radio_type":"wifi-none","pigeon_reserved_keyword_requested_latency":-1.0},"log_type":"client_event","bg":"false","time":1.615357514531E9,"name":"quality_change","sampling_rate":1,"tags":256},{"extra":{"odexSchemeName":"OdexSchemeArtXdex","radio_type":"wifi-none","pigeon_reserved_keyword_requested_latency":-1.0},"log_type":"client_event","bg":"false","time":1.615357516841E9,"name":"main_dex_store_regen","sampling_rate":1,"tags":256},{"extra":{"trigger_name":"application_init","job_name":"FBShopsMallWarmupInitializer.onAppForegrounded","wait_time":26394,"is_needed_time":0,"radio_type":"wifi-none","pigeon_reserved_keyword_requested_latency":-1.0},"log_type":"client_event","bg":"false","time":1.615357517468E9,"name":"appjobs_android_job_started","sampling_rate":200,"tags":257},{"extra":{"job_info":{"hints":"[DEFERRABLE, SCOPE_COLD_START, FOR_NEXT_COLD_START]","completed_time":"5149788","scheduled_time":"5124615","started_time":"5149787","description":"com.facebook.katana.app.preload.PreloadFb4aColdStartClassesExperimentUpdater#init"},"radio_type":"wifi-none","pigeon_reserved_keyword_requested_latency":-1.0},"log_type":"client_event","bg":"false","time":1.615357517633E9,"name":"android_job_orchestrator","sampling_rate":200,"tags":257},{"extra":{"trigger_name":"application_init","job_name":"RadioPowerManagerInstaller.init","wait_time":26745,"is_needed_time":0,"radio_type":"wifi-none","pigeon_reserved_keyword_requested_latency":-1.0},"log_type":"client_event","bg":"false","time":1.615357517818E9,"name":"appjobs_android_job_started","sampling_rate":200,"tags":257},{"extra":{"status":"none","pigeon_reserved_keyword_obj_type":"registration_id","pigeon_reserved_keyword_obj_id":"","push_source":"fbns","radio_type":"wifi-none","pigeon_reserved_keyword_requested_latency":-1.0},"log_type":"client_event","bg":"false","time":1.615357517877E9,"name":"push_reg_initial_status","sampling_rate":1,"tags":0},{"extra":{"radio_type":"wifi-none","pigeon_reserved_keyword_requested_latency":-1.0},"log_type":"client_event","bg":"false","time":1.615357521306E9,"name":"silent_login","sampling_rate":1,"tags":256},{"extra":{"trigger_name":"first_app_foregrounded","job_name":"CampaignInitializer.init","wait_time":17554,"is_needed_time":0,"radio_type":"wifi-none","pigeon_reserved_keyword_requested_latency":-1.0},"log_type":"client_event","bg":"false","time":1.615357522414E9,"name":"appjobs_android_job_started","sampling_rate":200,"tags":257},{"extra":{"app_locale":"zh_CN","client_string_id":"2131952474","device_locale":"zh_CN","requested_locale":"zh_CN","requested_fb_locale":"zh_CN","translation_bundle_type":"fbt","logger_version":0,"logger_name":"FbtLoggerImpl","requested_variations":[0,1],"radio_type":"wifi-none","pigeon_reserved_keyword_requested_latency":-1.0},"log_type":"client_event","bg":"false","time":1.615357525938E9,"name":"intl_android_string_impressions","sampling_rate":200,"tags":257},{"extra":{"module_name":"SafeTelephonyManager","method_name":"getAllCellInfo","is_app_in_background_no_delay":false,"is_blocked_by_failsafe":false,"is_initiated_by_failsafe":false,"allow_collection_in_background":null,"token":null,"caller_context":"CellDiagnostics","is_app_in_background_with_delay":false,"delayed_background_grace_period_ms":5000,"location_permission_setting":null,"detailed_location_permission_setting":null,"radio_type":"wifi-none","pigeon_reserved_keyword_requested_latency":-1.0},"log_type":"client_event","bg":"false","time":1.61535752905E9,"name":"android_mgeoapi_module_use","sampling_rate":200,"tags":257},{"extra":{"pigeon_reserved_keyword_module":"device","connection":"WIFI","quality":"MODERATE","bandwidth":"MODERATE","latency":"EXCELLENT","radio_type":"wifi-none","pigeon_reserved_keyword_requested_latency":-1.0},"log_type":"client_event","bg":"false","time":1.615357530882E9,"name":"quality_change","sampling_rate":1,"tags":256},{"extra":{"trigger_name":"app_backgrounded","job_name":"StartupStateMachine.appJobClearStartupWhenUserLeavesApp","wait_time":34,"execution_time":0,"radio_type":"wifi-none","pigeon_reserved_keyword_requested_latency":-1.0},"log_type":"client_event","bg":"false","time":1.615357531967E9,"name":"appjobs_android_job_finished","sampling_rate":200,"tags":257},{"extra":{"trigger_name":"app_foregrounded","job_name":"AppStateListener.onForegroundAppJob","wait_time":27615,"is_needed_time":0,"radio_type":"wifi-none","pigeon_reserved_keyword_requested_latency":-1.0},"log_type":"client_event","bg":"false","time":1.615357532473E9,"name":"appjobs_android_job_started","sampling_rate":200,"tags":257},{"extra":{"job_info":{"hints":"[DEFERRABLE, SCOPE_APP_IN_FOREGROUND, TRIGGER_SCOPE_EXIT]","completed_time":"5165257","scheduled_time":"5164756","started_time":"5165256","description":"com.facebook.common.i18n.zawgyi.ZawgyiFontDetectorIntegration#onUserLeftApp"},"radio_type":"wifi-none","pigeon_reserved_keyword_requested_latency":-1.0},"log_type":"client_event","bg":"false","time":1.615357533102E9,"name":"android_job_orchestrator","sampling_rate":200,"tags":257}