{"time":1615357367196,"app_id":"350685531728","app_ver":"303.0.0.30.122","build_num":269803764,"device":"MI 3","os_ver":"6.0.1","device_id":"5265fc70-f570-449e-ab45-87b032690f5c","family_device_id":"5265fc70-f570-449e-ab45-87b032690f5c","session_id":"UFS-a8e0ef7e-67e0-45ec-98b9-007cbe0fc792-fg-9","seq":1,"uid":"100057804977794","claims":["hmac.AR2ZJvJawHDoTViZoGNBWSeSx04MfnAubrlF1qN_WBN9p9t8"],"data":[{"extra":{"event_type":"download","sticker_id":"767228050478372","asset_type":"preview","timestamp":1615357367189,"download_time_ms":172,"appears_to_be_connected_on_wifi":true,"download_status":"success","radio_type":"wifi-none","pigeon_reserved_keyword_requested_latency":-1.0},"log_type":"client_event","bg":"false","time":1.615357367189E9,"name":"sticker_asset","sampling_rate":1,"tags":0},{"extra":{"event_type":"download","sticker_id":"767225543811956","asset_type":"preview","timestamp":1615357367376,"download_time_ms":121,"appears_to_be_connected_on_wifi":true,"download_status":"success","radio_type":"wifi-none","pigeon_reserved_keyword_requested_latency":-1.0},"log_type":"client_event","bg":"false","time":1.615357367377E9,"name":"sticker_asset","sampling_rate":1,"tags":0},{"extra":{"trigger_name":"app_backgrounded","job_name":"Fb4aReactAppStateModule.onAppBackgroundForegrounds","wait_time":36238,"is_needed_time":0,"radio_type":"wifi-none","pigeon_reserved_keyword_requested_latency":-1.0},"log_type":"client_event","bg":"false","time":1.615357368008E9,"name":"appjobs_android_job_started","sampling_rate":200,"tags":257},{"extra":{"last_lookup_timestamp":1615357368,"permission_statuses":{"android.permission.SYSTEM_ALERT_WINDOW":"GRANTED","android.permission.CHANGE_WIFI_STATE":"GRANTED","android.permission.GET_ACCOUNTS":"GRANTED","android.permission.CAMERA":"GRANTED","com.htc.launcher.permission.UPDATE_SHORTCUT":"DENIED","android.permission.REQUEST_INSTALL_PACKAGES":"GRANTED","com.facebook.receiver.permission.ACCESS":"GRANTED","android.permission.WRITE_CONTACTS":"GRANTED","com.android.launcher.permission.INSTALL_SHORTCUT":"GRANTED","com.google.android.c2dm.permission.RECEIVE":"GRANTED","android.permission.WRITE_CALENDAR":"GRANTED","android.permission.MANAGE_ACCOUNTS":"GRANTED","android.permission.BLUETOOTH_ADMIN":"GRANTED","android.permission.DOWNLOAD_WITHOUT_NOTIFICATION":"GRANTED","android.permission.ACCESS_NETWORK_STATE":"GRANTED","android.permission.RECORD_AUDIO":"GRANTED","android.permission.ACCESS_COARSE_LOCATION":"GRANTED","android.permission.READ_SYNC_SETTINGS":"GRANTED","android.permission.GET_TASKS":"GRANTED","com.facebook.appmanager.UNPROTECTED_API_ACCESS":"DENIED","android.permission.ACCESS_FINE_LOCATION":"GRANTED","android.permission.BROADCAST_STICKY":"GRANTED","android.permission.READ_PROFILE":"GRANTED","android.permission.CHANGE_NETWORK_STATE":"GRANTED","com.nokia.pushnotifications.permission.RECEIVE":"DENIED","com.android.vending.BILLING":"GRANTED","android.permission.MODIFY_AUDIO_SETTINGS":"GRANTED","com.facebook.permission.prod.FB_APP_COMMUNICATION":"GRANTED","android.permission.READ_EXTERNAL_STORAGE":"GRANTED","android.permission.WRITE_SYNC_SETTINGS":"GRANTED","com.facebook.katana.permission.RECEIVE_ADM_MESSAGE":"GRANTED","android.permission.READ_PHONE_STATE":"GRANTED","com.facebook.katana.permission.CREATE_SHORTCUT":"GRANTED","com.facebook.pages.app.provider.ACCESS":"DENIED","android.permission.READ_CONTACTS":"GRANTED","android.permission.READ_CALENDAR":"GRANTED","android.permission.WAKE_LOCK":"GRANTED","com.google.android.providers.gsf.permission.READ_GSERVICES":"GRANTED","com.sec.android.provider.badge.permission.WRITE":"DENIED","android.permission.AUTHENTICATE_ACCOUNTS":"GRANTED","android.permission.VIBRATE":"GRANTED","android.permission.FOREGROUND_SERVICE":"DENIED","android.permission.NFC":"GRANTED","com.facebook.orca.provider.ACCESS":"DENIED","android.permission.INTERNET":"GRANTED","android.permission.WRITE_SETTINGS":"DENIED","com.facebook.mlite.provider.ACCESS":"DENIED","android.permission.WRITE_EXTERNAL_STORAGE":"GRANTED","com.sonyericsson.home.permission.BROADCAST_BADGE":"DENIED","com.facebook.katana.permission.CROSS_PROCESS_BROADCAST_MANAGER":"GRANTED","android.permission.USE_BIOMETRIC":"DENIED","com.amazon.device.messaging.permission.RECEIVE":"DENIED","com.facebook.katana.provider.ACCESS":"GRANTED","com.sec.android.provider.badge.permission.READ":"DENIED","android.permission.BLUETOOTH":"GRANTED","android.permission.RECEIVE_BOOT_COMPLETED":"GRANTED","com.htc.launcher.permission.READ_SETTINGS":"DENIED","android.permission.BATTERY_STATS":"DENIED","android.permission.USE_FINGERPRINT":"GRANTED","android.permission.CALL_PHONE":"GRANTED","android.permission.ACCESS_WIFI_STATE":"GRANTED","android.permission.ACCESS_BACKGROUND_LOCATION":"DENIED"},"radio_type":"wifi-none","pigeon_reserved_keyword_requested_latency":-1.0},"log_type":"client_event","bg":"false","time":1.615357368261E9,"name":"pdu_permissions_snapshot","sampling_rate":200,"tags":257},{"extra":{"trigger_name":"app_foregrounded","job_name":"ResourceMonitor.onForegroundAppJob","wait_time":24457,"execution_time":0,"radio_type":"wifi-none","pigeon_reserved_keyword_requested_latency":-1.0},"log_type":"client_event","bg":"false","time":1.615357369839E9,"name":"appjobs_android_job_finished","sampling_rate":200,"tags":257},{"extra":{"tos_id":"cooko7","start_time":1615357348,"tos_array":"[63489, 0]","tos_len":18,"tos_seq":6,"tos_cum":19,"start_session_id":"UFS-a8e0ef7e-67e0-45ec-98b9-007cbe0fc792-fg-9","google_ad_id":"84ca00bb-a9b0-429f-a0c4-0a3c3e89032b","radio_type":"wifi-none","pigeon_reserved_keyword_requested_latency":-1.0},"log_type":"client_event","bg":"true","time":1.615357370207E9,"name":"time_spent_bit_array","sampling_rate":1,"tags":256}