{"time":1615357508137,"app_id":"350685531728","app_ver":"303.0.0.30.122","build_num":269803764,"device":"MI 3","os_ver":"6.0.1","device_id":"5265fc70-f570-449e-ab45-87b032690f5c","family_device_id":"5265fc70-f570-449e-ab45-87b032690f5c","session_id":"UFS-3cac9eb8-1f1e-40c4-86bb-f4ff3927166f-fg-0","seq":0,"uid":"100057804977794","claims":["hmac.AR2ZJvJawHDoTViZoGNBWSeSx04MfnAubrlF1qN_WBN9p9t8"],"data":[{"extra":{"pigeon_reserved_keyword_module":"device","connection":"WIFI","quality":"GOOD","bandwidth":"GOOD","latency":"UNKNOWN","radio_type":"wifi-none","pigeon_reserved_keyword_requested_latency":-1.0},"log_type":"client_event","bg":"true","time":1.615357496229E9,"name":"quality_change","sampling_rate":1,"tags":768},{"extra":{"radio_type":"wifi-none","pigeon_reserved_keyword_requested_latency":-1.0},"log_type":"client_event","bg":"true","time":1.615357504676E9,"name":"silent_login","sampling_rate":1,"tags":768}