{"time":1615357011241,"app_id":"350685531728","app_ver":"303.0.0.30.122","build_num":269803764,"device":"MI 3","os_ver":"6.0.1","device_id":"5265fc70-f570-449e-ab45-87b032690f5c","family_device_id":"5265fc70-f570-449e-ab45-87b032690f5c","session_id":"UFS-a8e0ef7e-67e0-45ec-98b9-007cbe0fc792-fg-0","seq":0,"uid":null,"data":[{"extra":{"pigeon_reserved_keyword_module":"unknown","seq":0,"nav_attribution_id":{},"nav_attribution_id_v2":"SimpleLoginActivity,,foreground,1615357008.179,25569154,","click_point":"foreground","dest_module_class":"SimpleLoginActivity","radio_type":"wifi-none","pigeon_reserved_keyword_requested_latency":-1.0},"log_type":"client_event","bg":"false","time":1.615357008151E9,"name":"navigation","sampling_rate":1,"tags":768},{"extra":{"pigeon_reserved_keyword_module":"marauder","tier":"normal","beacon_id":5,"beacon_session_id":1178219902,"radio_type":"wifi-none","pigeon_reserved_keyword_requested_latency":-1.0},"log_type":"client_event","bg":"false","time":1.615357011236E9,"name":"pigeon_beacon","sampling_rate":1,"tags":1088},{"extra":{"state":"LOGIN_MAIN","pigeon_reserved_keyword_module":"simple_reg","radio_type":"wifi-none","pigeon_reserved_keyword_requested_latency":-1.0},"log_type":"client_event","bg":"false","time":1.615357009188E9,"name":"fb4a_portal_activity_state","sampling_rate":1,"tags":257},{"extra":{"datr_device_snaptu":"5265fc70-f570-449e-ab45-87b032690f5c","event":"render","location":"fb4a_login_page","has_banner_seen":false,"consent_event":null,"is_consent_required":false,"content_type":1,"carrier_id":0,"radio_type":"wifi-none","pigeon_reserved_keyword_requested_latency":-1.0},"log_type":"client_event","bg":"false","time":1.615357009414E9,"name":"zero_header_transparency","sampling_rate":1,"tags":257},{"extra":{"marker_id":3997703,"instance_id":732855109,"sample_rate":1,"time_since_boot_ms":4634161,"duration_ns":6326000000,"action_id":2,"marker_type":1,"method":"random_sampling","annotations_int":{"coldStartMode":3,"sinceBoot":4640496,"activitiesCreated":2,"startCount":0,"priorStartType":0},"annotations_bool":{"isScreenOff":false,"isDeviceLocked":false},"annotations":{"runningAppProcessImportance":"IMPORTANCE_FOREGROUND","stories_tray_client_request_id":"2ada81df-fe82-48d1-ab61-45b6f02167f3","tray_fetch_reason":"cold_start","tray_not_available_reason":"graphql_error","surface":"login_screen","manually_instrumented_surface":"login_screen","preloadStartupClasses":"not_attempted","successReason":"manual_login_screen","language_load_from_cache":"false","language_format":"langpack"},"marker":"client_tti","points":[{"timeSinceStart":3256,"name":"preloadBackgroundComponentsStart"},{"timeSinceStart":3266,"name":"preloadBackgroundComponentsEnd"},{"timeSinceStart":3266,"name":"preloadForegroundComponentsStart"},{"timeSinceStart":3954,"name":"stories_tray_early_fetch_started"},{"timeSinceStart":3981,"name":"stories_tray_fetch_begin"},{"timeSinceStart":3983,"name":"stories_tray_query_prepare_start"},{"timeSinceStart":4104,"name":"Activity:onFinish","data":{"string":{"__key":"com.facebook.katana.activity.FbMainTabActivity"}}},{"timeSinceStart":4110,"name":"Activity:onFinish1","data":{"string":{"__key":"com.facebook.katana.activity.FbMainTabActivity"}}},{"timeSinceStart":4113,"name":"Activity:onCreate","data":{"string":{"__key":"com.facebook.katana.activity.FbMainTabActivity"}}},{"timeSinceStart":4142,"name":"Activity:onDestroy","data":{"string":{"__key":"com.facebook.katana.activity.FbMainTabActivity"}}},{"timeSinceStart":4187,"name":"Activity:onCreate1","data":{"string":{"__key":"com.facebook.account.login.activity.SimpleLoginActivity"}}},{"timeSinceStart":4317,"name":"stories_tray_query_prepare_end"},{"timeSinceStart":5686,"name":"preloadForegroundComponentsEnd"},{"timeSinceStart":5715,"name":"Activity:onStart","data":{"string":{"__key":"com.facebook.account.login.activity.SimpleLoginActivity"}}},{"timeSinceStart":6127,"name":"Activity:onResume","data":{"string":{"__key":"com.facebook.account.login.activity.SimpleLoginActivity"}}},{"timeSinceStart":6326,"name":"surface_marked","data":{"string":{"__key":"login_screen"}}},{"timeSinceStart":3222,"name":"StringResourcesDelegate:init"},{"timeSinceStart":3225,"name":"StringResourcesDelegate:loadResourcesIfNeeded"},{"timeSinceStart":3841,"name":"ColdStart/ApplicationCreate"},{"timeSinceStart":4210,"name":"StringResourcesActivityListener:Start"},{"timeSinceStart":4210,"name":"StringResourcesActivityListener:UpdateLanguagePackStarted"},{"timeSinceStart":4210,"name":"StringResourcesActivityListener:UpdatedLanguage"},{"timeSinceStart":4212,"name":"StringResourcesActivityListener:GotReactNativeResources"},{"timeSinceStart":4212,"name":"StringResourcesActivityListener:Complete"}],"metadata":{"cpu_stats":{"start_pri":0,"stop_pri":0,"ps_cpu_ms":2700,"th_cpu_ms":582,"low_power_state":"false"},"io_stats":{"ps_flt":107,"proc_delayacct_blkio_ticks":0,"th_flt":10,"class_load_attempts":4062,"dex_queries":5912,"class_loads_failed":1,"locator_assists":0,"wrong_dfa_guesses":0,"allocstall":0,"pages_in":265584,"pages_out":1060,"ps_min_flt":42973,"avail_disk_spc_kb":8979156,"io_readbytes":0,"io_readchars":0,"io_readsyscalls":0,"io_writebytes":0,"io_writechars":0,"io_writesyscalls":0,"io_cancelledwb":0},"memory_stats":{"avail_mem":1061244928,"low_mem":140963840,"total_mem":2067419136},"network_stats":{"connqual":"GOOD","network_type":"wifi","network_subtype":"none"},"dex_info":{"odex_scheme_name":"OdexSchemeArtXdex","disabled_rt_verifier":true,"class_name":"MultiDexClassLoaderJava"},"data_usage":{"bytes_received":1620,"bytes_transmitted":3507},"litho_stats":{"litho_component_applied_state_update_counter":0,"litho_component_triggered_sync_state_update_counter":0,"litho_component_triggered_async_state_update_counter":0,"litho_calculate_layout_counter":0,"litho_calculate_layout_on_ui_counter":0,"litho_mount_counter":0,"litho_section_applied_state_update_counter":0,"litho_section_triggered_sync_state_update_counter":0,"litho_section_triggered_async_state_update_counter":0,"litho_section_calculate_new_changeset_counter":0,"litho_section_calculate_new_changeset_on_ui_counter":0},"startup_stats":{"app_init_ms":4638053,"time_since_app_init_ms":-3892,"first_foreground_ms":4638272,"last_foreground_ms":4640479,"startup_status":"COLD"},"network_detailed_info":{"network_info_network_changed":false,"network_info_celltower_changed":false,"network_info_opened_conn":0,"network_info_signal_level":4,"network_info_signal_dbm":-41,"network_info_frequency_mhz":5825,"network_info_link_speed_mbps":72,"network_info_app_backgrounded":false,"network_info_ms_since_init":2566,"network_info_may_have_network":false,"network_info_req_bw_ingress_avg":0,"network_info_req_bw_ingress_std_dev":0.0,"network_info_req_bw_egress_avg":0,"network_info_req_bw_egress_std_dev":0.0,"network_info_latency_quality":"unknown","network_info_upload_bw_quality":"unknown","network_info_download_bw_quality":"unknown","estimated_ttfb_ms":-1,"estimated_bandwidth_bps":-1},"fb4a_startup_stats":{"start_op_count":14,"activity_listener_count":38,"quick_event_listener_count":84,"broadcast_receiver_count":0,"executed_app_job_count":0,"controller_callback_count":0,"tigon_request_count":2,"pigeon_write_count":0,"tofu_fetch_count":0}},"radio_type":"wifi-none","pigeon_reserved_keyword_requested_latency":-1.0},"log_type":"client_event","bg":"false","time":1.61535700507E9,"name":"perf","sampling_rate":1,"tags":1088},{"extra":{"audio_config_data":{"audio_language":"en","audio_file_name":"usability_playground_test_en","audio_link":"-1"},"event":"debug_audio_gating_no_value","fb4a_device_id":"5265fc70-f570-449e-ab45-87b032690f5c","current_volume":11,"max_volume":15,"product":"login","has_error":false,"radio_type":"wifi-none","pigeon_reserved_keyword_requested_latency":-1.0},"log_type":"client_event","bg":"false","time":1.615357009565E9,"name":"sc_audio_messages_event","sampling_rate":1,"tags":257},{"extra":{"radio_type":"wifi-none","pigeon_reserved_keyword_requested_latency":-1.0},"log_type":"client_event","bg":"false","time":1.615357010134E9,"name":"search_sent","sampling_rate":1,"tags":257},{"extra":{"audio_config_data":{"audio_language":"en","audio_file_name":"usability_playground_test_en","audio_link":"-1"},"event":"debug_audio_gating_no_value","fb4a_device_id":"5265fc70-f570-449e-ab45-87b032690f5c","current_volume":11,"max_volume":15,"product":"login","has_error":false,"radio_type":"wifi-none","pigeon_reserved_keyword_requested_latency":-1.0},"log_type":"client_event","bg":"false","time":1.61535701426E9,"name":"sc_audio_messages_event","sampling_rate":1,"tags":257},{"extra":{"trigger_name":"application_init","job_name":"MessengerUserUtilsCacheInvalidator.onAppInit","wait_time":9805,"execution_time":1,"radio_type":"wifi-none","pigeon_reserved_keyword_requested_latency":-1.0},"log_type":"client_event","bg":"false","time":1.61535701565E9,"name":"appjobs_android_job_finished","sampling_rate":200,"tags":257},{"extra":{"350685531728":1,"256002347743983":0,"121876164619130":0,"306069495113":0,"567067343352427":0,"295940867235646":0,"881555691867714":0,"358698234273213":0,"794956213882720":0,"255620677933453":0,"1548792348668883":0,"1437758943160428":0,"1753649448247858":0,"275254692598279":0,"243085373308503":0,"257637621624717":0,"radio_type":"wifi-none","pigeon_reserved_keyword_requested_latency":-1.0},"log_type":"client_event","bg":"false","time":1.615357016297E9,"name":"app_installations","sampling_rate":1,"tags":1088},{"extra":{"features":{"location":true,"persistent_mqtt":true,"browser_enabled":false,"background_location":false,"fpp_available":false},"features_extra_data":{"location":{},"persistent_mqtt":null,"browser_enabled":null,"background_location":{"collecting":false,"collection_state":"UNKNOWN"},"fpp_available":{"tos_should_accept":"false","installer_state":"MISSING","fpp_sdk_algorithm":"3","is_available":"false","tos_should_show_explicit":"false","fpp_sdk_type":"NONE","facebook_services_state":"MISSING","app_manager_state":"MISSING","is_operational":"false","fpp_issues":["INSTALLER_NOT_INSTALLED","APP_MANAGER_NOT_INSTALLED"]}},"radio_type":"wifi-none","pigeon_reserved_keyword_requested_latency":-1.0},"log_type":"client_event","bg":"false","time":1.615357016298E9,"name":"features_status","sampling_rate":1,"tags":1088},{"extra":{"fdid":"5265fc70-f570-449e-ab45-87b032690f5c","brand":"Xiaomi","build_product":"cm_pisces","build_device":"pisces","device_type":"MI 3","hardware":"pisces","manufacturer":"Xiaomi","is_read_phone_state_permitted":true,"network_info":"\"Gebing-5G\"","network_operator":"","network_operator_name":"","network_type":"wifi","ip_v4":"192.168.68.219","ip_v6":"fd17:5f67:4dc8:0:6adf:ddff:fea5:32d4","dpi":"480","actual_height":"1920","actual_width":"1080","pixel_ratio":"3.0","logical_height":"640.0","logical_width":"360.0","cpu_core_count":"4","ram_size":"1971","cpu_max_freq":"1810500","roaming_status":"0","state_1":"ABSENT","imei_1":"864595027492226","pigeon_reserved_keyword_module":"device","radio_type":"wifi-none","pigeon_reserved_keyword_requested_latency":-1.0},"log_type":"client_event","bg":"false","time":1.615357016299E9,"name":"device_detection","sampling_rate":1,"tags":1088},{"extra":{"sim_info":[{"index":0,"state":"ABSENT","carrier":"","sim_carrier_name":null,"sim_display_name":null,"carrier_country_iso":"","network_type":"UNKNOWN","phone_type":"GSM","country_iso":"","serial_number":null,"subscriber_id":null}],"device_locale":"zh_CN","app_locale":"zh_CN","device_type":"MI 3","os_build":"MOB31E","os_ver":"6.0.1","year_class":"2013","os_sdk":"23","brand":"Xiaomi","os_type":"Android","manufacturer":"Xiaomi","install_location":"internal_storage","is_tablet":"false","pigeon_reserved_keyword_module":"device","supported_fb4a_locales":"af,ar,bg,bn,bs,ca,cs,da,de,el,en,en_GB,es,es_ES,et,fa,fi,fil,fr,gu,hi,hr,hu,in,it,iw,ja,km,kn,ko,lt,mk,ml,mr,ms,my,nb,nl,pa,pl,pt,pt_PT,ro,ru,sk,sl,sq,sr,sv,sw,ta,te,th,tr,uk,ur,vi,zh_CN,zh_HK,zh_TW","accelerometer_range_tracker_counter":30000,"accelerometer_range_tracker_max_range":9.641449928283691,"accessibility":{"font_scale":1.0,"display_inversion":false,"tts_engines":[{"name":"com.svox.pico","label":"Pico TTS","is_default":true}],"captions_enabled":false},"moduleInfo":{"downloader":"Failover:GooglePlay:Facebook:config(2,false,false)","usesDeferred":false,"modules":[{"name":"arservicesoptional","isSplitInstalled":false,"isDownloaded":false,"downloadState":"UNKNOWN","pkgPref":"SYSTEM_DECIDE","packaging":"DOWNLOADABLE","downloadAttempted":false,"foregroundRequested":false},{"name":"assistant","isSplitInstalled":false,"isDownloaded":false,"downloadState":"UNKNOWN","pkgPref":"SYSTEM_DECIDE","packaging":"DOWNLOADABLE","downloadAttempted":false,"foregroundRequested":false},{"name":"assistantclientplatform","isSplitInstalled":false,"isDownloaded":false,"downloadState":"UNKNOWN","pkgPref":"SYSTEM_DECIDE","packaging":"DOWNLOADABLE","downloadAttempted":false,"foregroundRequested":false},{"name":"av1decoder","isSplitInstalled":false,"isDownloaded":false,"downloadState":"UNKNOWN","pkgPref":"SYSTEM_DECIDE","packaging":"DOWNLOADABLE","downloadAttempted":false,"foregroundRequested":false},{"name":"awesomizer","isSplitInstalled":false,"isDownloaded":false,"downloadState":"UNKNOWN","pkgPref":"SYSTEM_DECIDE","packaging":"DOWNLOADABLE","downloadAttempted":false,"foregroundRequested":false},{"name":"caffe2","isSplitInstalled":false,"isDownloaded":false,"downloadState":"UNKNOWN","pkgPref":"SYSTEM_DECIDE","packaging":"DOWNLOADABLE","downloadAttempted":false,"foregroundRequested":false},{"name":"caffe2extraops","isSplitInstalled":false,"isDownloaded":false,"downloadState":"UNKNOWN","pkgPref":"SYSTEM_DECIDE","packaging":"DOWNLOADABLE","downloadAttempted":false,"foregroundRequested":false},{"name":"caffe2pytorchsharedmodule","isSplitInstalled":false,"isDownloaded":false,"downloadState":"UNKNOWN","pkgPref":"SYSTEM_DECIDE","packaging":"DOWNLOADABLE","downloadAttempted":false,"foregroundRequested":false},{"name":"cgnativeplayer","isSplitInstalled":false,"isDownloaded":false,"downloadState":"UNKNOWN","pkgPref":"SYSTEM_DECIDE","packaging":"DOWNLOADABLE","downloadAttempted":false,"foregroundRequested":false},{"name":"codegenerator","isSplitInstalled":false,"isDownloaded":false,"downloadState":"UNKNOWN","pkgPref":"SYSTEM_DECIDE","packaging":"DOWNLOADABLE","downloadAttempted":false,"foregroundRequested":false},{"name":"dittomodule","isSplitInstalled":false,"isDownloaded":false,"downloadState":"UNKNOWN","pkgPref":"SYSTEM_DECIDE","packaging":"DOWNLOADABLE","downloadAttempted":false,"foregroundRequested":false},{"name":"diverse","isSplitInstalled":false,"isDownloaded":false,"downloadState":"UNKNOWN","pkgPref":"SYSTEM_DECIDE","packaging":"DOWNLOADABLE","downloadAttempted":false,"foregroundRequested":false},{"name":"eventsguestlist","isSplitInstalled":false,"isDownloaded":false,"downloadState":"UNKNOWN","pkgPref":"SYSTEM_DECIDE","packaging":"DOWNLOADABLE","downloadAttempted":false,"foregroundRequested":false},{"name":"groupsadmin","isSplitInstalled":false,"isDownloaded":false,"downloadState":"UNKNOWN","pkgPref":"SYSTEM_DECIDE","packaging":"DOWNLOADABLE","downloadAttempted":false,"foregroundRequested":false},{"name":"groupsadminactivity","isSplitInstalled":false,"isDownloaded":false,"downloadState":"UNKNOWN","pkgPref":"SYSTEM_DECIDE","packaging":"DOWNLOADABLE","downloadAttempted":false,"foregroundRequested":false},{"name":"groupsbadgeselector","isSplitInstalled":false,"isDownloaded":false,"downloadState":"UNKNOWN","pkgPref":"SYSTEM_DECIDE","packaging":"BUILT_IN_AND_DOWNLOADABLE","downloadAttempted":false,"foregroundRequested":false},{"name":"groupsinsightsengagement","isSplitInstalled":false,"isDownloaded":false,"downloadState":"UNKNOWN","pkgPref":"SYSTEM_DECIDE","packaging":"DOWNLOADABLE","downloadAttempted":false,"foregroundRequested":false},{"name":"groupsinsightsmember","isSplitInstalled":false,"isDownloaded":false,"downloadState":"UNKNOWN","pkgPref":"SYSTEM_DECIDE","packaging":"DOWNLOADABLE","downloadAttempted":false,"foregroundRequested":false},{"name":"heliumassets428006633","isSplitInstalled":false,"isDownloaded":false,"downloadState":"UNKNOWN","pkgPref":"SYSTEM_DECIDE","packaging":"DOWNLOADABLE","downloadAttempted":false,"foregroundRequested":false},{"name":"heliumassets428008633","isSplitInstalled":false,"isDownloaded":false,"downloadState":"UNKNOWN","pkgPref":"SYSTEM_DECIDE","packaging":"DOWNLOADABLE","downloadAttempted":false,"foregroundRequested":false},{"name":"heliumassets428010133","isSplitInstalled":false,"isDownloaded":false,"downloadState":"UNKNOWN","pkgPref":"SYSTEM_DECIDE","packaging":"DOWNLOADABLE","downloadAttempted":false,"foregroundRequested":false},{"name":"heliumassets428014133","isSplitInstalled":false,"isDownloaded":false,"downloadState":"UNKNOWN","pkgPref":"SYSTEM_DECIDE","packaging":"DOWNLOADABLE","downloadAttempted":false,"foregroundRequested":false},{"name":"heliumiab","isSplitInstalled":false,"isDownloaded":false,"downloadState":"UNKNOWN","pkgPref":"SYSTEM_DECIDE","packaging":"DOWNLOADABLE","downloadAttempted":false,"foregroundRequested":false},{"name":"instantgames","isSplitInstalled":false,"isDownloaded":false,"downloadState":"UNKNOWN","pkgPref":"SYSTEM_DECIDE","packaging":"DOWNLOADABLE","downloadAttempted":false,"foregroundRequested":false},{"name":"instantgamesads","isSplitInstalled":false,"isDownloaded":false,"downloadState":"UNKNOWN","pkgPref":"SYSTEM_DECIDE","packaging":"DOWNLOADABLE","downloadAttempted":false,"foregroundRequested":false},{"name":"internsettings","isSplitInstalled":false,"isDownloaded":false,"downloadState":"UNKNOWN","pkgPref":"SYSTEM_DECIDE","packaging":"DOWNLOADABLE","downloadAttempted":false,"foregroundRequested":false},{"name":"livertcdeps","isSplitInstalled":false,"isDownloaded":false,"downloadState":"UNKNOWN","pkgPref":"SYSTEM_DECIDE","packaging":"DOWNLOADABLE","downloadAttempted":false,"foregroundRequested":false},{"name":"location","isSplitInstalled":false,"isDownloaded":false,"downloadState":"UNKNOWN","pkgPref":"SYSTEM_DECIDE","packaging":"DOWNLOADABLE","downloadAttempted":false,"foregroundRequested":false},{"name":"mobileconfig","isSplitInstalled":false,"isDownloaded":false,"downloadState":"UNKNOWN","pkgPref":"SYSTEM_DECIDE","packaging":"DOWNLOADABLE","downloadAttempted":false,"foregroundRequested":false},{"name":"moviecheckout","isSplitInstalled":false,"isDownloaded":false,"downloadState":"UNKNOWN","pkgPref":"SYSTEM_DECIDE","packaging":"DOWNLOADABLE","downloadAttempted":false,"foregroundRequested":false},{"name":"pages","isSplitInstalled":false,"isDownloaded":false,"downloadState":"UNKNOWN","pkgPref":"SYSTEM_DECIDE","packaging":"DOWNLOADABLE","downloadAttempted":false,"foregroundRequested":false},{"name":"papaya","isSplitInstalled":false,"isDownloaded":false,"downloadState":"UNKNOWN","pkgPref":"SYSTEM_DECIDE","packaging":"DOWNLOADABLE","downloadAttempted":false,"foregroundRequested":false},{"name":"photo3djni","isSplitInstalled":false,"isDownloaded":false,"downloadState":"UNKNOWN","pkgPref":"SYSTEM_DECIDE","packaging":"DOWNLOADABLE","downloadAttempted":false,"foregroundRequested":false},{"name":"pytorch","isSplitInstalled":false,"isDownloaded":false,"downloadState":"UNKNOWN","pkgPref":"SYSTEM_DECIDE","packaging":"DOWNLOADABLE","downloadAttempted":false,"foregroundRequested":false},{"name":"rtc","isSplitInstalled":false,"isDownloaded":false,"downloadState":"UNKNOWN","pkgPref":"SYSTEM_DECIDE","packaging":"DOWNLOADABLE","downloadAttempted":false,"foregroundRequested":false},{"name":"rtc20","isSplitInstalled":false,"isDownloaded":false,"downloadState":"UNKNOWN","pkgPref":"SYSTEM_DECIDE","packaging":"DOWNLOADABLE","downloadAttempted":false,"foregroundRequested":false},{"name":"rtcdeps","isSplitInstalled":false,"isDownloaded":false,"downloadState":"UNKNOWN","pkgPref":"SYSTEM_DECIDE","packaging":"DOWNLOADABLE","downloadAttempted":false,"foregroundRequested":false},{"name":"securitycheckup","isSplitInstalled":false,"isDownloaded":false,"downloadState":"UNKNOWN","pkgPref":"SYSTEM_DECIDE","packaging":"DOWNLOADABLE","downloadAttempted":false,"foregroundRequested":false},{"name":"shared0","isSplitInstalled":false,"isDownloaded":false,"downloadState":"UNKNOWN","pkgPref":"SYSTEM_DECIDE","packaging":"DOWNLOADABLE","downloadAttempted":false,"foregroundRequested":false},{"name":"shared1","isSplitInstalled":false,"isDownloaded":false,"downloadState":"UNKNOWN","pkgPref":"SYSTEM_DECIDE","packaging":"DOWNLOADABLE","downloadAttempted":false,"foregroundRequested":false},{"name":"shared2","isSplitInstalled":false,"isDownloaded":false,"downloadState":"UNKNOWN","pkgPref":"SYSTEM_DECIDE","packaging":"DOWNLOADABLE","downloadAttempted":false,"foregroundRequested":false},{"name":"shared3","isSplitInstalled":false,"isDownloaded":false,"downloadState":"UNKNOWN","pkgPref":"SYSTEM_DECIDE","packaging":"DOWNLOADABLE","downloadAttempted":false,"foregroundRequested":false},{"name":"shared4","isSplitInstalled":false,"isDownloaded":false,"downloadState":"UNKNOWN","pkgPref":"SYSTEM_DECIDE","packaging":"DOWNLOADABLE","downloadAttempted":false,"foregroundRequested":false},{"name":"shared5","isSplitInstalled":false,"isDownloaded":false,"downloadState":"UNKNOWN","pkgPref":"SYSTEM_DECIDE","packaging":"DOWNLOADABLE","downloadAttempted":false,"foregroundRequested":false},{"name":"slam","isSplitInstalled":false,"isDownloaded":false,"downloadState":"UNKNOWN","pkgPref":"SYSTEM_DECIDE","packaging":"DOWNLOADABLE","downloadAttempted":false,"foregroundRequested":false},{"name":"surveyplatformremixnt","isSplitInstalled":false,"isDownloaded":false,"downloadState":"UNKNOWN","pkgPref":"SYSTEM_DECIDE","packaging":"DOWNLOADABLE","downloadAttempted":false,"foregroundRequested":false}]},"cpu_abi":"armeabi-v7a","cpu_abi2":"armeabi","unreliable_core_count":4,"reliable_core_count":4,"cpu_max_freq":"1810500","cpu_proc_details":"pisces","cpu_proc_model":"ARMv7 Processor rev 2 (v7l)","cpu_proc_cpuid":"0:?,1:?,2:?,3:412FC0F2","cpu_isa_features":"swp half thumb fastmult vfp edsp neon vfpv3 tls vfpv4 idiva idivt","cpu_build_board":"pisces","cpu_board_platform":"tegra","cpu_boot_hardware":"pisces","cpu_hardware":"pisces","cpu_abilist":"armeabi-v7a,armeabi","cpu_kernel_max":"3","cpu_possible":"0-3","cpu_present":"0-3","cpu_soc0_family":"Tegra11","cpu_soc0_machine":"tegra_pluto","cpu_soc0_revision":"A02","cpu_soc0_soc_id":"REV=A02:SKU=0x6:PID=0x0","cgroups_supported":true,"chipset_info_version":8,"accelerometers_count":1,"accelerometer_name":"Accelerometer Sensor","accelerometer_vendor":"Invensense","accelerometer_version":1,"accelerometer_resolution":0.039226602762937546,"accelerometer_min_delay":10000,"accelerometer_max_range":19.613300323486328,"gyroscope_name":"Gyroscope Sensor","gyroscope_vendor":"Invensense","webview_version":"Developer Build","first_install_time":"2021-01-31T23:38:56.000+08:00","last_upgrade_time":"2021-01-31T23:38:56.000+08:00","default_input_method":"LOGGED_OUT","keyboard_locales":"LOGGED_OUT","density":3.0,"screen_width":1080,"screen_height":1920,"front_camera":true,"rear_camera":true,"allows_non_market_installs":"1","android_id":"518de9ec131e3629","hardware_id":"864595027492226","opengl_version":131072,"wifi_hotspot_supported":true,"google_play_services_installation":"SERVICE_ENABLED","google_play_services_version":205016018,"google_play_store":[{"package_name":"com.android.vending","version":82371110,"installation_status":"SERVICE_ENABLED"}],"gsf_installation_status":{"package_name":"com.google.android.gsf","version":23,"installation_status":"SERVICE_ENABLED"},"google_accounts":1,"family_device_id":"5265fc70-f570-449e-ab45-87b032690f5c","app_scoped_device_id":"5265fc70-f570-449e-ab45-87b032690f5c","installer":"com.android.vending","oldest_known_installer":"com.android.vending","meta_inf_fbmeta":"NO_FILE","notifications_system_setting":"YES","channel_id":"NO_FILE","phone_id_src_app":"com.facebook.katana","phone_id_src_generated_ts":"1614663013428","phone_id_sync_ts":0,"permissions":{"com.android.vending.BILLING":true,"android.permission.BLUETOOTH":true,"android.permission.BLUETOOTH_ADMIN":true,"android.permission.WRITE_SETTINGS":false,"android.permission.CALL_PHONE":true,"android.permission.ACCESS_COARSE_LOCATION":true,"android.permission.WAKE_LOCK":true,"android.permission.VIBRATE":true,"android.permission.READ_CONTACTS":true,"android.permission.WRITE_CONTACTS":true,"android.permission.GET_ACCOUNTS":true,"android.permission.MANAGE_ACCOUNTS":true,"android.permission.AUTHENTICATE_ACCOUNTS":true,"android.permission.READ_SYNC_SETTINGS":true,"android.permission.WRITE_SYNC_SETTINGS":true,"android.permission.ACCESS_FINE_LOCATION":true,"android.permission.ACCESS_NETWORK_STATE":true,"android.permission.BROADCAST_STICKY":true,"com.facebook.katana.provider.ACCESS":true,"com.facebook.orca.provider.ACCESS":false,"com.facebook.mlite.provider.ACCESS":false,"com.facebook.pages.app.provider.ACCESS":false,"com.facebook.appmanager.UNPROTECTED_API_ACCESS":false,"android.permission.DOWNLOAD_WITHOUT_NOTIFICATION":true,"android.permission.NFC":true,"android.permission.CAMERA":true,"android.permission.RECORD_AUDIO":true,"android.permission.WRITE_EXTERNAL_STORAGE":true,"com.facebook.permission.prod.FB_APP_COMMUNICATION":true,"android.permission.READ_PHONE_STATE":true,"android.permission.READ_CALENDAR":true,"android.permission.WRITE_CALENDAR":true,"android.permission.MODIFY_AUDIO_SETTINGS":true,"android.permission.READ_PROFILE":true,"android.permission.CHANGE_NETWORK_STATE":true,"android.permission.CHANGE_WIFI_STATE":true,"android.permission.SYSTEM_ALERT_WINDOW":true,"com.google.android.providers.gsf.permission.READ_GSERVICES":true,"android.permission.RECEIVE_BOOT_COMPLETED":true,"android.permission.GET_TASKS":true,"android.permission.USE_BIOMETRIC":false,"android.permission.USE_FINGERPRINT":true,"android.permission.FOREGROUND_SERVICE":false,"android.permission.INTERNET":true,"com.google.android.c2dm.permission.RECEIVE":true,"android.permission.READ_EXTERNAL_STORAGE":true,"android.permission.REQUEST_INSTALL_PACKAGES":true,"android.permission.ACCESS_BACKGROUND_LOCATION":false,"com.facebook.katana.permission.CROSS_PROCESS_BROADCAST_MANAGER":true,"android.permission.BATTERY_STATS":false,"android.permission.ACCESS_WIFI_STATE":true,"com.android.launcher.permission.INSTALL_SHORTCUT":true,"com.facebook.receiver.permission.ACCESS":true,"com.sec.android.provider.badge.permission.READ":false,"com.sec.android.provider.badge.permission.WRITE":false,"com.htc.launcher.permission.READ_SETTINGS":false,"com.htc.launcher.permission.UPDATE_SHORTCUT":false,"com.sonyericsson.home.permission.BROADCAST_BADGE":false,"com.facebook.katana.permission.RECEIVE_ADM_MESSAGE":true,"com.amazon.device.messaging.permission.RECEIVE":false,"com.nokia.pushnotifications.permission.RECEIVE":false,"com.facebook.katana.permission.CREATE_SHORTCUT":true},"location_status":"okay","location_providers":{"gps":true},"device_total_space":"13462798336","device_available_space":"9194459136","device_free_space":"9194459136","radio_type":"wifi-none","pigeon_reserved_keyword_requested_latency":-1.0},"log_type":"client_event","bg":"false","time":1.615357015652E9,"name":"device_info","sampling_rate":1,"tags":1088},{"extra":{"boot_id":"5ad657a1-524d-4997-bed7-951f1920c7e9","battery":0.2800000011920929,"charge_state":"charging_ac","battery_health":"good","wifi_enabled":true,"wifi_connected":true,"mobile_data_enabled":"true","airplane_mode_on":"false","time_since_boot_ms":4648325,"screen_brightness_raw_value":95,"connection":"WIFI","free_mem":468,"total_mem":512,"total_mem_device":2067419136,"analytic_counters":{"device_bytes_sent_since_boot":88354137,"total_device_bytes_sent":7294,"total_bytes_received_foreground":-1,"app_bytes_sent_since_boot":2400,"device_bytes_received_since_boot":89598044,"total_bytes_sent":1920,"total_bytes_sent_foreground":-1,"total_device_bytes_received":10054},"process":"<default>","pigeon_reserved_keyword_module":"device","radio_type":"wifi-none","pigeon_reserved_keyword_requested_latency":-1.0},"log_type":"client_event","bg":"false","time":1.615357015652E9,"name":"device_status","sampling_rate":1,"tags":1088},{"extra":{"job_info":{"hints":"[DEFERRABLE, CRASH_REPORTER]","completed_time":"4649017","scheduled_time":"4648693","started_time":"4649016","description":"com.facebook.feed.data.CrashLoopCounter#init"},"radio_type":"wifi-none","pigeon_reserved_keyword_requested_latency":-1.0},"log_type":"client_event","bg":"false","time":1.615357016861E9,"name":"android_job_orchestrator","sampling_rate":200,"tags":257},{"extra":{"job_info":{"hints":"[DEFERRABLE, USES_SHARED_PREF]","completed_time":"4649085","scheduled_time":"4648694","started_time":"4649084","description":"com.facebook.imagepipeline.module.ImagePipelineMobileConfigProvider#init"},"radio_type":"wifi-none","pigeon_reserved_keyword_requested_latency":-1.0},"log_type":"client_event","bg":"false","time":1.615357016929E9,"name":"android_job_orchestrator","sampling_rate":200,"tags":257},{"extra":{"trigger_name":"app_foregrounded","job_name":"VideoHomeAppStateManager.onUserEnteredApp","wait_time":10496,"execution_time":0,"radio_type":"wifi-none","pigeon_reserved_keyword_requested_latency":-1.0},"log_type":"client_event","bg":"false","time":1.615357018819E9,"name":"appjobs_android_job_finished","sampling_rate":200,"tags":257},{"extra":{"event_name":"oauth_token_fetch_state","event_info":{"exception_type":"java.io.IOException","state":"token_fetch_exception","exception_message":"Error on service connection."},"radio_type":"wifi-none","pigeon_reserved_keyword_requested_latency":-1.0},"log_type":"client_event","bg":"false","time":1.615357036453E9,"name":"login_event_client","sampling_rate":1,"tags":257},{"extra":{"pigeon_reserved_keyword_module":"confirmation","error_message":"Get ID token method exception: Error on service connection.","radio_type":"wifi-none","pigeon_reserved_keyword_requested_latency":-1.0},"log_type":"client_event","bg":"false","time":1.615357036457E9,"name":"email_auto_confirm_failure","sampling_rate":1,"tags":256},{"extra":{"event_name":"search_error","radio_type":"wifi-none","pigeon_reserved_keyword_requested_latency":-1.0},"log_type":"client_event","bg":"false","time":1.615357040683E9,"name":"account_recovery_temp_client_events","sampling_rate":1,"tags":257},{"extra":{"tos_id":"cooko7","start_time":1615357013,"tos_array":"[1, 0]","tos_len":64,"tos_seq":0,"tos_cum":1,"start_session_id":"UFS-a8e0ef7e-67e0-45ec-98b9-007cbe0fc792-fg-0","radio_type":"wifi-none","pigeon_reserved_keyword_requested_latency":-1.0},"log_type":"client_event","bg":"true","time":1.615357087659E9,"name":"time_spent_bit_array","sampling_rate":1,"tags":256}