{"time":1615357141280,"app_id":"350685531728","app_ver":"303.0.0.30.122","build_num":269803764,"device":"MI 3","os_ver":"6.0.1","device_id":"5265fc70-f570-449e-ab45-87b032690f5c","family_device_id":"5265fc70-f570-449e-ab45-87b032690f5c","session_id":"UFS-a8e0ef7e-67e0-45ec-98b9-007cbe0fc792-bg-1","seq":1,"uid":null,"data":[{"extra":{"name":"FB4A_OPENID_LOGIN_FUNNEL","funnel_id":-31344,"instance_id":792342461266533797,"start_time":1614672043557,"sampling_rate":1,"funnel_uid":0,"pseudo_end":false,"version":1,"high_priority_channel":false,"tags":["new_login","v2"],"actions":[{"name":"tokens_requested","relative_time":68},{"name":"tokens_requested","relative_time":627},{"name":"zero_tokens_retrieved","relative_time":1966},{"name":"zero_tokens_retrieved","relative_time":1966},{"name":"tokens_requested","relative_time":774940},{"name":"zero_tokens_retrieved","relative_time":775300},{"name":"tokens_requested","relative_time":4799722},{"name":"tokens_requested","relative_time":4800412},{"name":"tokens_requested","relative_time":684962879},{"name":"tokens_requested","relative_time":684964569},{"name":"zero_tokens_retrieved","relative_time":684992907},{"name":"zero_tokens_retrieved","relative_time":684992910},{"name":"funnel_end","relative_time":685097711,"tag":"timeout_since_start"}],"radio_type":"wifi-none","pigeon_reserved_keyword_requested_latency":-1.0},"log_type":"client_event","bg":"true","time":1.615357141269E9,"name":"funnel_analytics","sampling_rate":1,"tags":1088},{"extra":{"name":"FB4A_LOGGED_OUT_LOCALE_DEFAULTING_FUNNEL","funnel_id":18855,"instance_id":-2473704233266617248,"start_time":1614676845037,"sampling_rate":1,"funnel_uid":0,"pseudo_end":false,"version":1,"high_priority_channel":false,"actions":[{"name":"funnel_end","relative_time":680296250,"tag":"timeout"}],"radio_type":"wifi-none","pigeon_reserved_keyword_requested_latency":-1.0},"log_type":"client_event","bg":"true","time":1.615357141287E9,"name":"funnel_analytics","sampling_rate":1,"tags":1088},{"extra":{"job_info":{"hints":"[DEFERRABLE, SCOPE_APP_IN_FOREGROUND, TRIGGER_SCOPE_EXIT]","completed_time":"4773614","scheduled_time":"4772931","started_time":"4773547","description":"com.facebook.storage.cask.fbapps.FBCask#requestCleanup"},"radio_type":"wifi-none","pigeon_reserved_keyword_requested_latency":-1.0},"log_type":"client_event","bg":"true","time":1.615357141458E9,"name":"android_job_orchestrator","sampling_rate":200,"tags":257}