{"cameraFar":50,"cameraIdentifier":"camera:1408-f395ddfa-2bf4-40b2-810a-47faed80df7f","cameraNear":0.009999999776482582,"children":[{"children":[],"modelName":"stateMachines"},{"children":[],"modelName":"blockInstances"},{"children":[],"modelName":"prefabs"},{"fileName":"d316044412f6495656278681770f6ac7.js","modelName":"script"},{"children":[{"animationMask":{"modelName":"animationMask"},"children":[{"animationMask":{"modelName":"animationMask"},"children":[{"animationMask":{"modelName":"animationMask"},"children":[{"animationMask":{"modelName":"animationMask"},"children":[{"animationMask":{"modelName":"animationMask"},"children":[{"children":[],"modelName":"blendShapes"},{"modelName":"transform"}],"faceDistortionMode":"vertex","faceDistortionStrength":1,"identifier":"facehigh:1435-74c4724d-5f9f-4970-88a9-42d37d3b58b4","indicesType":{"eyes":"empty","halo":"off","modelName":"faceIndices","mouth":"empty"},"layerIdentifier":"layer:1414-f395ddfa-2bf4-40b2-810a-47faed80df7f","materialIdentifier":"defaultMate1513-74c4724d-5f9f-4970-88a9-42d37d3b58b4","modelName":"facehigh","name":"faceMesh0","outputVisibility":{"modelName":"outputVisibility","overlay":true},"renderPass":"mainScene","renderPassIdentifiers":[],"visibility":{"modelName":"visibility"}},{"modelName":"transform"}],"identifier":"facetracker:1433-74c4724d-5f9f-4970-88a9-42d37d3b58b4","layerIdentifier":"layer:1414-f395ddfa-2bf4-40b2-810a-47faed80df7f","materialIdentifier":"","modelName":"facetracker","name":"faceTracker0","outputVisibility":{"modelName":"outputVisibility","overlay":true},"renderPass":"mainScene","renderPassIdentifiers":[],"visibility":{"modelName":"visibility"}},{"Z":-0.5361266732215881,"modelName":"transform"}],"identifier":"focalDistance:1410-f395ddfa-2bf4-40b2-810a-47faed80df7f","modelName":"focalDistance","name":"Focal Distance","outputVisibility":{"modelName":"outputVisibility","overlay":true},"renderPass":"mainScene","renderPassIdentifiers":[],"visibility":{"modelName":"visibility"}},{"modelName":"transform"}],"identifier":"camera:1408-f395ddfa-2bf4-40b2-810a-47faed80df7f","modelName":"camera","name":"Camera","outputVisibility":{"modelName":"outputVisibility","overlay":true},"renderPass":"mainScene","renderPassIdentifiers":[],"updateSource":"gyro","visibility":{"modelName":"visibility"}},{"animationMask":{"modelName":"animationMask"},"children":[{"modelName":"transform"}],"identifier":"microphone_model:1412-f395ddfa-2bf4-40b2-810a-47faed80df7f","modelName":"sceneObject","name":"Microphone","outputVisibility":{"modelName":"outputVisibility","overlay":true},"renderPass":"mainScene","renderPassIdentifiers":[],"visibility":{"modelName":"visibility"}},{"modelName":"transform"}],"identifier":"device:1406-f395ddfa-2bf4-40b2-810a-47faed80df7f","modelName":"sceneObject","name":"Device","outputVisibility":{"modelName":"outputVisibility","overlay":true},"renderPass":"mainScene","renderPassIdentifiers":[],"visibility":{"modelName":"visibility"}},{"modelName":"transform"}],"modelName":"scene","visibility":{"modelName":"visibility"}},{"children":[],"modelName":"blockPrototypes"},{"children":[{"identifier":"patch_model:10025-74c4724d-5f9f-4970-88a9-42d37d3b58b4","inputs":[{"connection":{"componentIdentifier":"stub:port_model:10039-74c4724d-5f9f-4970-88a9-42d37d3b58b4","modelName":"connection","portName":"signal"},"identifier":"port_model:10039-74c4724d-5f9f-4970-88a9-42d37d3b58b4","modelName":"inputPort","name":"translation"},{"connection":{"componentIdentifier":"patch_model:11060-74c4724d-5f9f-4970-88a9-42d37d3b58b4","modelName":"connection","portName":"output"},"identifier":"port_model:10053-74c4724d-5f9f-4970-88a9-42d37d3b58b4","modelName":"inputPort","name":"scale"},{"connection":{"componentIdentifier":"stub:port_model:10067-74c4724d-5f9f-4970-88a9-42d37d3b58b4","modelName":"connection","portName":"signal"},"identifier":"port_model:10067-74c4724d-5f9f-4970-88a9-42d37d3b58b4","modelName":"inputPort","name":"rotation"},{"connection":{"componentIdentifier":"stub:port_model:10081-74c4724d-5f9f-4970-88a9-42d37d3b58b4","modelName":"connection","portName":"signal"},"identifier":"port_model:10081-74c4724d-5f9f-4970-88a9-42d37d3b58b4","modelName":"inputPort","name":"pivot"}],"modelName":"component","name":"patch_model:10025-74c4724d-5f9f-4970-88a9-42d37d3b58b4","parameters":"{}","type":"builtin.2DTransformPack"},{"identifier":"patch_model:10109-74c4724d-5f9f-4970-88a9-42d37d3b58b4","inputs":[{"connection":{"componentIdentifier":"patch_model:9927-74c4724d-5f9f-4970-88a9-42d37d3b58b4","modelName":"connection","portName":"out0"},"identifier":"port_model:10123-74c4724d-5f9f-4970-88a9-42d37d3b58b4","modelName":"inputPort","name":"in0"},{"connection":{"componentIdentifier":"patch_model:9983-74c4724d-5f9f-4970-88a9-42d37d3b58b4","modelName":"connection","portName":"out0"},"identifier":"port_model:10137-74c4724d-5f9f-4970-88a9-42d37d3b58b4","modelName":"inputPort","name":"in1"}],"modelName":"component","name":"patch_model:10109-74c4724d-5f9f-4970-88a9-42d37d3b58b4","parameters":"{}","type":"builtin.shaders.textureSampler"},{"identifier":"patch_model:10228-74c4724d-5f9f-4970-88a9-42d37d3b58b4","inputs":[{"connection":{"componentIdentifier":"patch_model:10109-74c4724d-5f9f-4970-88a9-42d37d3b58b4","modelName":"connection","portName":"out0"},"identifier":"port_model:10242-74c4724d-5f9f-4970-88a9-42d37d3b58b4","modelName":"inputPort","name":"in0"}],"modelName":"component","name":"patch_model:10228-74c4724d-5f9f-4970-88a9-42d37d3b58b4","parameters":"{\"materialId\":\"defaultMaterial:7856-74c4724d-5f9f-4970-88a9-42d37d3b58b4\",\"materialName\":\"mtl_normalizeCamera\",\"textureSlotName\":\"diffuseTexture\"}","type":"builtin.shaders.diffuseTextureSlot"},{"identifier":"patch_model:10566-74c4724d-5f9f-4970-88a9-42d37d3b58b4","inputs":[],"modelName":"component","name":"patch_model:10566-74c4724d-5f9f-4970-88a9-42d37d3b58b4","parameters":"{\"textureName\":\"cameraTexture0\",\"textureId\":\"cameraTexture:1442-f395ddfa-2bf4-40b2-810a-47faed80df7f\"}","type":"builtin.shaders.texture"},{"identifier":"patch_model:10622-74c4724d-5f9f-4970-88a9-42d37d3b58b4","inputs":[{"connection":{"componentIdentifier":"patch_model:10566-74c4724d-5f9f-4970-88a9-42d37d3b58b4","modelName":"connection","portName":"out0"},"identifier":"port_model:10636-74c4724d-5f9f-4970-88a9-42d37d3b58b4","modelName":"inputPort","name":"in0"},{"connection":{"componentIdentifier":"stub:port_model:10650-74c4724d-5f9f-4970-88a9-42d37d3b58b4","modelName":"connection","portName":"signal"},"identifier":"port_model:10650-74c4724d-5f9f-4970-88a9-42d37d3b58b4","modelName":"inputPort","name":"in1"}],"modelName":"component","name":"patch_model:10622-74c4724d-5f9f-4970-88a9-42d37d3b58b4","parameters":"{}","type":"builtin.shaders.vectorSwizzler"},{"identifier":"patch_model:10678-74c4724d-5f9f-4970-88a9-42d37d3b58b4","inputs":[{"connection":{"componentIdentifier":"patch_model:10566-74c4724d-5f9f-4970-88a9-42d37d3b58b4","modelName":"connection","portName":"out0"},"identifier":"port_model:10692-74c4724d-5f9f-4970-88a9-42d37d3b58b4","modelName":"inputPort","name":"in0"},{"connection":{"componentIdentifier":"stub:port_model:10706-74c4724d-5f9f-4970-88a9-42d37d3b58b4","modelName":"connection","portName":"signal"},"identifier":"port_model:10706-74c4724d-5f9f-4970-88a9-42d37d3b58b4","modelName":"inputPort","name":"in1"}],"modelName":"component","name":"patch_model:10678-74c4724d-5f9f-4970-88a9-42d37d3b58b4","parameters":"{}","type":"builtin.shaders.vectorSwizzler"},{"identifier":"patch_model:10734-74c4724d-5f9f-4970-88a9-42d37d3b58b4","inputs":[{"connection":{"componentIdentifier":"patch_model:10566-74c4724d-5f9f-4970-88a9-42d37d3b58b4","modelName":"connection","portName":"out0"},"identifier":"port_model:10748-74c4724d-5f9f-4970-88a9-42d37d3b58b4","modelName":"inputPort","name":"in0"},{"connection":{"componentIdentifier":"stub:port_model:10762-74c4724d-5f9f-4970-88a9-42d37d3b58b4","modelName":"connection","portName":"signal"},"identifier":"port_model:10762-74c4724d-5f9f-4970-88a9-42d37d3b58b4","modelName":"inputPort","name":"in1"}],"modelName":"component","name":"patch_model:10734-74c4724d-5f9f-4970-88a9-42d37d3b58b4","parameters":"{}","type":"builtin.shaders.vectorSwizzler"},{"identifier":"patch_model:10790-74c4724d-5f9f-4970-88a9-42d37d3b58b4","inputs":[{"connection":{"componentIdentifier":"patch_model:10566-74c4724d-5f9f-4970-88a9-42d37d3b58b4","modelName":"connection","portName":"out0"},"identifier":"port_model:10804-74c4724d-5f9f-4970-88a9-42d37d3b58b4","modelName":"inputPort","name":"in0"},{"connection":{"componentIdentifier":"stub:port_model:10818-74c4724d-5f9f-4970-88a9-42d37d3b58b4","modelName":"connection","portName":"signal"},"identifier":"port_model:10818-74c4724d-5f9f-4970-88a9-42d37d3b58b4","modelName":"inputPort","name":"in1"}],"modelName":"component","name":"patch_model:10790-74c4724d-5f9f-4970-88a9-42d37d3b58b4","parameters":"{}","type":"builtin.shaders.vectorSwizzler"},{"identifier":"patch_model:10846-74c4724d-5f9f-4970-88a9-42d37d3b58b4","inputs":[{"connection":{"componentIdentifier":"patch_model:10566-74c4724d-5f9f-4970-88a9-42d37d3b58b4","modelName":"connection","portName":"out0"},"identifier":"port_model:10860-74c4724d-5f9f-4970-88a9-42d37d3b58b4","modelName":"inputPort","name":"in0"},{"connection":{"componentIdentifier":"stub:port_model:10874-74c4724d-5f9f-4970-88a9-42d37d3b58b4","modelName":"connection","portName":"signal"},"identifier":"port_model:10874-74c4724d-5f9f-4970-88a9-42d37d3b58b4","modelName":"inputPort","name":"in1"}],"modelName":"component","name":"patch_model:10846-74c4724d-5f9f-4970-88a9-42d37d3b58b4","parameters":"{}","type":"builtin.shaders.vectorSwizzler"},{"identifier":"patch_model:11060-74c4724d-5f9f-4970-88a9-42d37d3b58b4","inputs":[],"modelName":"component","name":"patch_model:11060-74c4724d-5f9f-4970-88a9-42d37d3b58b4","parameters":"{\"type\":\"Vec2\",\"name\":\"ratioFix\"}","type":"builtin.fromScript"},{"identifier":"patch_model:9927-74c4724d-5f9f-4970-88a9-42d37d3b58b4","inputs":[{"connection":{"componentIdentifier":"patch_model:10566-74c4724d-5f9f-4970-88a9-42d37d3b58b4","modelName":"connection","portName":"out0"},"identifier":"port_model:9941-74c4724d-5f9f-4970-88a9-42d37d3b58b4","modelName":"inputPort","name":"in0"},{"connection":{"componentIdentifier":"patch_model:10025-74c4724d-5f9f-4970-88a9-42d37d3b58b4","modelName":"connection","portName":"transform"},"identifier":"port_model:9955-74c4724d-5f9f-4970-88a9-42d37d3b58b4","modelName":"inputPort","name":"in1"}],"modelName":"component","name":"patch_model:9927-74c4724d-5f9f-4970-88a9-42d37d3b58b4","parameters":"{}","type":"builtin.shaders.textureTransform"},{"identifier":"patch_model:9983-74c4724d-5f9f-4970-88a9-42d37d3b58b4","inputs":[],"modelName":"component","name":"patch_model:9983-74c4724d-5f9f-4970-88a9-42d37d3b58b4","parameters":"{\"variableId\":3}","type":"builtin.shaderAttribute"},{"identifier":"stub:port_model:10039-74c4724d-5f9f-4970-88a9-42d37d3b58b4","inputs":[],"modelName":"component","name":"port_model:10039-74c4724d-5f9f-4970-88a9-42d37d3b58b4","parameters":"{\"value\":[0,0]}","type":"builtin.constantVec2Signal"},{"identifier":"stub:port_model:10067-74c4724d-5f9f-4970-88a9-42d37d3b58b4","inputs":[],"modelName":"component","name":"port_model:10067-74c4724d-5f9f-4970-88a9-42d37d3b58b4","parameters":"{\"value\":0}","type":"builtin.constantScalarSignal"},{"identifier":"stub:port_model:10081-74c4724d-5f9f-4970-88a9-42d37d3b58b4","inputs":[],"modelName":"component","name":"port_model:10081-74c4724d-5f9f-4970-88a9-42d37d3b58b4","parameters":"{\"value\":[0.5,0.5]}","type":"builtin.constantVec2Signal"},{"identifier":"stub:port_model:10650-74c4724d-5f9f-4970-88a9-42d37d3b58b4","inputs":[],"modelName":"component","name":"port_model:10650-74c4724d-5f9f-4970-88a9-42d37d3b58b4","parameters":"{\"value\":\"rgb\"}","type":"builtin.constantStringSignal"},{"identifier":"stub:port_model:10706-74c4724d-5f9f-4970-88a9-42d37d3b58b4","inputs":[],"modelName":"component","name":"port_model:10706-74c4724d-5f9f-4970-88a9-42d37d3b58b4","parameters":"{\"value\":\"r\"}","type":"builtin.constantStringSignal"},{"identifier":"stub:port_model:10762-74c4724d-5f9f-4970-88a9-42d37d3b58b4","inputs":[],"modelName":"component","name":"port_model:10762-74c4724d-5f9f-4970-88a9-42d37d3b58b4","parameters":"{\"value\":\"g\"}","type":"builtin.constantStringSignal"},{"identifier":"stub:port_model:10818-74c4724d-5f9f-4970-88a9-42d37d3b58b4","inputs":[],"modelName":"component","name":"port_model:10818-74c4724d-5f9f-4970-88a9-42d37d3b58b4","parameters":"{\"value\":\"b\"}","type":"builtin.constantStringSignal"},{"identifier":"stub:port_model:10874-74c4724d-5f9f-4970-88a9-42d37d3b58b4","inputs":[],"modelName":"component","name":"port_model:10874-74c4724d-5f9f-4970-88a9-42d37d3b58b4","parameters":"{\"value\":\"a\"}","type":"builtin.constantStringSignal"}],"modelName":"components"},{"children":[],"modelName":"animationConfigs"},{"children":[],"modelName":"playbackControllers"},{"children":[],"modelName":"sounds"},{"children":[{"backgroundIdentifier":"colorTexture:7669-74c4724d-5f9f-4970-88a9-42d37d3b58b4","dataType":"unsignedByte","format":"rgba","height":0.5,"identifier":"processor_render_pass_model:7366-74c4724d-5f9f-4970-88a9-42d37d3b58b4","materialIdentifier":"custom_material_model7749-74c4724d-5f9f-4970-88a9-42d37d3b58b4","modelName":"processorRenderPass","name":"rpp_mean2x2","sizingMode":"screen","textureOutputIdentifier":"render_pass_texture_model:7368-74c4724d-5f9f-4970-88a9-42d37d3b58b4","width":0.5},{"backgroundIdentifier":"colorTexture:9679-74c4724d-5f9f-4970-88a9-42d37d3b58b4","dataType":"unsignedByte","format":"rgba","height":0.125,"identifier":"processor_render_pass_model:7371-74c4724d-5f9f-4970-88a9-42d37d3b58b4","materialIdentifier":"custom_material_model7762-74c4724d-5f9f-4970-88a9-42d37d3b58b4","modelName":"processorRenderPass","name":"rpp_mean8x8","sizingMode":"screen","textureOutputIdentifier":"render_pass_texture_model:7373-74c4724d-5f9f-4970-88a9-42d37d3b58b4","width":0.125},{"backgroundIdentifier":"colorTexture:9682-74c4724d-5f9f-4970-88a9-42d37d3b58b4","dataType":"unsignedByte","format":"rgba","height":0.125,"identifier":"processor_render_pass_model:7375-74c4724d-5f9f-4970-88a9-42d37d3b58b4","materialIdentifier":"custom_material_model7781-74c4724d-5f9f-4970-88a9-42d37d3b58b4","modelName":"processorRenderPass","name":"rpp_BA","sizingMode":"screen","textureOutputIdentifier":"render_pass_texture_model:7377-74c4724d-5f9f-4970-88a9-42d37d3b58b4","width":0.125},{"backgroundIdentifier":"colorTexture:9685-74c4724d-5f9f-4970-88a9-42d37d3b58b4","dataType":"unsignedByte","format":"rgba","height":0.125,"identifier":"processor_render_pass_model:7379-74c4724d-5f9f-4970-88a9-42d37d3b58b4","materialIdentifier":"custom_material_model7803-74c4724d-5f9f-4970-88a9-42d37d3b58b4","modelName":"processorRenderPass","name":"rpp_meanBA","sizingMode":"screen","textureOutputIdentifier":"render_pass_texture_model:7381-74c4724d-5f9f-4970-88a9-42d37d3b58b4","width":0.125},{"backgroundIdentifier":"colorTexture:9687-74c4724d-5f9f-4970-88a9-42d37d3b58b4","dataType":"unsignedByte","format":"rgba","height":1,"identifier":"processor_render_pass_model:7384-74c4724d-5f9f-4970-88a9-42d37d3b58b4","materialIdentifier":"custom_material_model7822-74c4724d-5f9f-4970-88a9-42d37d3b58b4","modelName":"processorRenderPass","name":"rpp_composite","sizingMode":"screen","textureOutputIdentifier":"render_pass_texture_model:7386-74c4724d-5f9f-4970-88a9-42d37d3b58b4","width":1},{"backgroundIdentifier":"","dataType":"unsignedByte","format":"rgba","height":1,"identifier":"processor_render_pass_model:7388-74c4724d-5f9f-4970-88a9-42d37d3b58b4","materialIdentifier":"defaultMaterial:7856-74c4724d-5f9f-4970-88a9-42d37d3b58b4","modelName":"processorRenderPass","name":"rpp_normalizeCamera","sizingMode":"screen","textureOutputIdentifier":"render_pass_texture_model:7390-74c4724d-5f9f-4970-88a9-42d37d3b58b4","width":1},{"backgroundIdentifier":"colorTexture:7666-74c4724d-5f9f-4970-88a9-42d37d3b58b4","dataType":"unsignedByte","format":"rgba","height":1,"identifier":"scene_render_pass_model:1438-f395ddfa-2bf4-40b2-810a-47faed80df7f","modelName":"sceneRenderPass","name":"rps_mask","sceneNodeIdentifier":"device:1406-f395ddfa-2bf4-40b2-810a-47faed80df7f","sizingMode":"screen","textureOutputIdentifier":"render_pass_texture_model:1440-f395ddfa-2bf4-40b2-810a-47faed80df7f","width":1}],"modelName":"renderPasses"},{"children":[{"hidden":false,"identifier":"layer:1414-f395ddfa-2bf4-40b2-810a-47faed80df7f","modelName":"layer","name":"layer0","renderingOrder":0}],"modelName":"layers"},{"children":[{"blendMode":"replace","depthTestEnabled":true,"depthWriteEnabled":true,"diffuseTextureTransform":{"modelName":"textureTransform"},"identifier":"custom_material_model7749-74c4724d-5f9f-4970-88a9-42d37d3b58b4","modelName":"customMaterial","name":"mtl_mean2x2","parameters":[],"shaderIdentifier":"shader_model7750-74c4724d-5f9f-4970-88a9-42d37d3b58b4","shadingParams":{"modelName":"materialLightingParams"},"textures":[{"modelName":"textureParameter","name":"u_Texture","textureIdentifier":"render_pass_texture_model:7390-74c4724d-5f9f-4970-88a9-42d37d3b58b4"}]},{"blendMode":"replace","depthTestEnabled":true,"depthWriteEnabled":true,"diffuseTextureTransform":{"modelName":"textureTransform"},"identifier":"custom_material_model7762-74c4724d-5f9f-4970-88a9-42d37d3b58b4","modelName":"customMaterial","name":"mtl_mean8x8","parameters":[{"modelName":"shaderParameter","name":"u_TexOriginalSize_x","type":"float","vectorValue":{"modelName":"Vector4"}},{"modelName":"shaderParameter","name":"u_TexOriginalSize_y","type":"float","vectorValue":{"modelName":"Vector4"}}],"shaderIdentifier":"shader_model7763-74c4724d-5f9f-4970-88a9-42d37d3b58b4","shadingParams":{"modelName":"materialLightingParams"},"textures":[{"modelName":"textureParameter","name":"u_Texture","textureIdentifier":"render_pass_texture_model:7368-74c4724d-5f9f-4970-88a9-42d37d3b58b4"}]},{"blendMode":"replace","depthTestEnabled":true,"depthWriteEnabled":true,"diffuseTextureTransform":{"modelName":"textureTransform"},"identifier":"custom_material_model7781-74c4724d-5f9f-4970-88a9-42d37d3b58b4","modelName":"customMaterial","name":"mtl_BA","parameters":[{"modelName":"shaderParameter","name":"u_Retouching","numericValue":0.45,"type":"float","vectorValue":{"modelName":"Vector4"}},{"modelName":"shaderParameter","name":"u_TexOriginalSize_x","type":"float","vectorValue":{"modelName":"Vector4"}},{"modelName":"shaderParameter","name":"u_TexOriginalSize_y","type":"float","vectorValue":{"modelName":"Vector4"}}],"shaderIdentifier":"shader_model7782-74c4724d-5f9f-4970-88a9-42d37d3b58b4","shadingParams":{"modelName":"materialLightingParams"},"textures":[{"modelName":"textureParameter","name":"u_Texture","textureIdentifier":"render_pass_texture_model:7373-74c4724d-5f9f-4970-88a9-42d37d3b58b4"}]},{"blendMode":"replace","depthTestEnabled":true,"depthWriteEnabled":true,"diffuseTextureTransform":{"modelName":"textureTransform"},"identifier":"custom_material_model7803-74c4724d-5f9f-4970-88a9-42d37d3b58b4","modelName":"customMaterial","name":"mtl_meanBA","parameters":[{"modelName":"shaderParameter","name":"u_TexOriginalSize_x","type":"float","vectorValue":{"modelName":"Vector4"}},{"modelName":"shaderParameter","name":"u_TexOriginalSize_y","type":"float","vectorValue":{"modelName":"Vector4"}}],"shaderIdentifier":"shader_model7804-74c4724d-5f9f-4970-88a9-42d37d3b58b4","shadingParams":{"modelName":"materialLightingParams"},"textures":[{"modelName":"textureParameter","name":"u_Texture","textureIdentifier":"render_pass_texture_model:7377-74c4724d-5f9f-4970-88a9-42d37d3b58b4"}]},{"blendMode":"replace","depthTestEnabled":true,"depthWriteEnabled":true,"diffuseTextureTransform":{"modelName":"textureTransform"},"identifier":"custom_material_model7822-74c4724d-5f9f-4970-88a9-42d37d3b58b4","modelName":"customMaterial","name":"mtl_composite","parameters":[{"modelName":"shaderParameter","name":"u_HFI","numericValue":0.6,"type":"float","vectorValue":{"modelName":"Vector4"}},{"modelName":"shaderParameter","name":"u_RetouchingAlpha","numericValue":1,"type":"float","vectorValue":{"modelName":"Vector4"}}],"shaderIdentifier":"shader_model7823-74c4724d-5f9f-4970-88a9-42d37d3b58b4","shadingParams":{"modelName":"materialLightingParams"},"textures":[{"modelName":"textureParameter","name":"u_TexOriginal","textureIdentifier":"render_pass_texture_model:7390-74c4724d-5f9f-4970-88a9-42d37d3b58b4"},{"modelName":"textureParameter","name":"u_TexMask","textureIdentifier":"render_pass_texture_model:1440-f395ddfa-2bf4-40b2-810a-47faed80df7f"},{"modelName":"textureParameter","name":"u_TexMeanBA","textureIdentifier":"render_pass_texture_model:7381-74c4724d-5f9f-4970-88a9-42d37d3b58b4"},{"modelName":"textureParameter","name":"u_TexMean2x2","textureIdentifier":"render_pass_texture_model:7368-74c4724d-5f9f-4970-88a9-42d37d3b58b4"},{"modelName":"textureParameter","name":"u_TexMean8x8","textureIdentifier":"render_pass_texture_model:7373-74c4724d-5f9f-4970-88a9-42d37d3b58b4"},{"modelName":"textureParameter","name":"u_TexLUT","textureIdentifier":"tex7694-74c4724d-5f9f-4970-88a9-42d37d3b58b4"}]},{"blendMode":"alpha","depthTestEnabled":true,"depthWriteEnabled":true,"diffuseTextureIdentifier":"tex1455-74c4724d-5f9f-4970-88a9-42d37d3b58b4","diffuseTextureTransform":{"modelName":"textureTransform"},"emissiveTextureTransform":{"modelName":"textureTransform"},"environmentTextureTransform":{"modelName":"textureTransform"},"identifier":"defaultMate1513-74c4724d-5f9f-4970-88a9-42d37d3b58b4","modelName":"defaultMaterial","multiplyMode":"alphaOnly","multiplyTextureTransform":{"modelName":"textureTransform"},"name":"face","normalTextureTransform":{"modelName":"textureTransform"},"shadingParams":{"ambientFactor":4294967295,"diffuseFactor":4294967295,"emissiveFactor":4278190080,"modelName":"materialLightingParams","specularFactor":4278190080},"specularTextureTransform":{"modelName":"textureTransform"}},{"blendMode":"alpha","depthTestEnabled":true,"depthWriteEnabled":true,"diffuseTextureTransform":{"modelName":"textureTransform"},"emissiveTextureTransform":{"modelName":"textureTransform"},"environmentTextureTransform":{"modelName":"textureTransform"},"identifier":"defaultMaterial:7856-74c4724d-5f9f-4970-88a9-42d37d3b58b4","modelName":"defaultMaterial","multiplyMode":"alphaOnly","multiplyTextureTransform":{"modelName":"textureTransform"},"name":"mtl_normalizeCamera","normalTextureTransform":{"modelName":"textureTransform"},"shadingParams":{"ambientFactor":4294967295,"diffuseFactor":4294967295,"emissiveFactor":4278190080,"modelName":"materialLightingParams","specularFactor":4278190080},"specularTextureTransform":{"modelName":"textureTransform"}}],"modelName":"materials"},{"children":[],"modelName":"animations"},{"modelName":"postprocessor","parameters":[],"passBuffers":[],"passTargets":[]},{"children":[],"modelName":"shaderCodes"},{"children":[{"identifier":"cameraTexture:1442-f395ddfa-2bf4-40b2-810a-47faed80df7f","modelName":"cameraTexture","name":"cameraTexture0"},{"color":4278190080,"identifier":"colorTexture:7666-74c4724d-5f9f-4970-88a9-42d37d3b58b4","modelName":"colorTexture","name":"colorTexture0"},{"color":4278190080,"identifier":"colorTexture:7669-74c4724d-5f9f-4970-88a9-42d37d3b58b4","modelName":"colorTexture","name":"colorTexture1"},{"color":4278190080,"identifier":"colorTexture:9679-74c4724d-5f9f-4970-88a9-42d37d3b58b4","modelName":"colorTexture","name":"colorTexture2"},{"color":4278190080,"identifier":"colorTexture:9682-74c4724d-5f9f-4970-88a9-42d37d3b58b4","modelName":"colorTexture","name":"colorTexture3"},{"color":4278190080,"identifier":"colorTexture:9685-74c4724d-5f9f-4970-88a9-42d37d3b58b4","modelName":"colorTexture","name":"colorTexture4"},{"color":4278190080,"identifier":"colorTexture:9687-74c4724d-5f9f-4970-88a9-42d37d3b58b4","modelName":"colorTexture","name":"colorTexture5"},{"identifier":"render_pass_texture_model:1440-f395ddfa-2bf4-40b2-810a-47faed80df7f","modelName":"renderPassOutputTexture","name":"rps_maskTexture"},{"identifier":"render_pass_texture_model:7368-74c4724d-5f9f-4970-88a9-42d37d3b58b4","modelName":"renderPassOutputTexture","name":"rpp_mean2x2Texture"},{"identifier":"render_pass_texture_model:7373-74c4724d-5f9f-4970-88a9-42d37d3b58b4","modelName":"renderPassOutputTexture","name":"rpp_mean8x8Texture"},{"identifier":"render_pass_texture_model:7377-74c4724d-5f9f-4970-88a9-42d37d3b58b4","modelName":"renderPassOutputTexture","name":"rpp_BATexture"},{"identifier":"render_pass_texture_model:7381-74c4724d-5f9f-4970-88a9-42d37d3b58b4","modelName":"renderPassOutputTexture","name":"rpp_meanBATexture"},{"identifier":"render_pass_texture_model:7386-74c4724d-5f9f-4970-88a9-42d37d3b58b4","modelName":"renderPassOutputTexture","name":"rpp_compositeTexture"},{"identifier":"render_pass_texture_model:7390-74c4724d-5f9f-4970-88a9-42d37d3b58b4","modelName":"renderPassOutputTexture","name":"rpp_normalizeCameraTexture"},{"fileName":"7c3e02814c954fa8b3887649e5946523.png","identifier":"tex1455-74c4724d-5f9f-4970-88a9-42d37d3b58b4","modelName":"texture","name":"SkinSmoothingTexture","originalHeight":128,"originalWidth":128},{"fileName":"286e496990f12cea9b90b782d9acd25b.png","identifier":"tex7694-74c4724d-5f9f-4970-88a9-42d37d3b58b4","modelName":"texture","name":"LUT","originalHeight":32,"originalWidth":1024}],"modelName":"textures"},{"modelName":"preprocessor","parameters":[],"passBuffers":[],"passTargets":[]},{"children":[{"fragmentShaderFileName":"49a53b29e2caed036271e8127fa1b948.fsh","identifier":"shader_model7750-74c4724d-5f9f-4970-88a9-42d37d3b58b4","modelName":"shaderFile","name":"shdr_mean2x2","vertexShaderFileName":"ba9d54d907b765eaa4f383ce2115aeff.vsh"},{"fragmentShaderFileName":"146b4f6d83fd742ea5d435595f91bb9b.fsh","identifier":"shader_model7763-74c4724d-5f9f-4970-88a9-42d37d3b58b4","modelName":"shaderFile","name":"shdr_mean8x8","vertexShaderFileName":"ba9d54d907b765eaa4f383ce2115aeff.vsh"},{"fragmentShaderFileName":"31f79a4e6458433bfd1dbd20eededf97.fsh","identifier":"shader_model7782-74c4724d-5f9f-4970-88a9-42d37d3b58b4","modelName":"shaderFile","name":"shdr_BA","vertexShaderFileName":"ba9d54d907b765eaa4f383ce2115aeff.vsh"},{"fragmentShaderFileName":"f8750d70fee8ffac03b8ae627c547500.fsh","identifier":"shader_model7804-74c4724d-5f9f-4970-88a9-42d37d3b58b4","modelName":"shaderFile","name":"shdr_meanBA","vertexShaderFileName":"ba9d54d907b765eaa4f383ce2115aeff.vsh"},{"fragmentShaderFileName":"87ec10584896e31ec2fd03fc1f3c18b4.fsh","identifier":"shader_model7823-74c4724d-5f9f-4970-88a9-42d37d3b58b4","modelName":"shaderFile","name":"shdr_composite","vertexShaderFileName":"ba9d54d907b765eaa4f383ce2115aeff.vsh"}],"modelName":"shaders"}],"finalRenderPassIdentifier":"processor_render_pass_model:7384-74c4724d-5f9f-4970-88a9-42d37d3b58b4","fonts":{"children":[],"modelName":"fonts"},"format":"fbfx","modelName":"document","scriptingWorldUnit":"m","svgs":{"children":[],"modelName":"svgs"},"version":30}