{"time":1614672046262,"app_id":"350685531728","app_ver":"303.0.0.30.122","build_num":269803764,"device":"MI 3","os_ver":"6.0.1","device_id":"5265fc70-f570-449e-ab45-87b032690f5c","family_device_id":"5265fc70-f570-449e-ab45-87b032690f5c","session_id":"UFS-dd5ab1df-f085-4068-81e5-65058a6712d0-fg-0","seq":0,"uid":null,"data":[{"extra":{"pigeon_reserved_keyword_module":"unknown","seq":0,"nav_attribution_id":{},"nav_attribution_id_v2":"SimpleLoginActivity,,foreground,1614672044.207,57662257,","click_point":"foreground","dest_module_class":"SimpleLoginActivity","radio_type":"wifi-none","pigeon_reserved_keyword_requested_latency":-1.0},"log_type":"client_event","bg":"false","time":1.614672044198E9,"name":"navigation","sampling_rate":1,"tags":768},{"extra":{"pigeon_reserved_keyword_module":"marauder","tier":"normal","beacon_id":2,"beacon_session_id":1178219902,"radio_type":"wifi-none","pigeon_reserved_keyword_requested_latency":-1.0},"log_type":"client_event","bg":"false","time":1.61467204626E9,"name":"pigeon_beacon","sampling_rate":1,"tags":1088},{"extra":{"state":"LOGIN_MAIN","pigeon_reserved_keyword_module":"simple_reg","radio_type":"wifi-none","pigeon_reserved_keyword_requested_latency":-1.0},"log_type":"client_event","bg":"false","time":1.614672045048E9,"name":"fb4a_portal_activity_state","sampling_rate":1,"tags":257},{"extra":{"marker_id":3997703,"instance_id":875585938,"sample_rate":1,"time_since_boot_ms":7443539,"duration_ns":5081000000,"action_id":2,"marker_type":1,"method":"random_sampling","annotations_int":{"coldStartMode":3,"sinceBoot":7448624,"activitiesCreated":2,"startCount":0,"priorStartType":0},"annotations_bool":{"isScreenOff":false,"isDeviceLocked":false,"uploadedErrorReports":true},"annotations":{"runningAppProcessImportance":"IMPORTANCE_FOREGROUND","stories_tray_client_request_id":"f824ef9a-2db4-4cff-9e4c-68e9323c52d5","tray_fetch_reason":"cold_start","tray_not_available_reason":"graphql_error","surface":"login_screen","manually_instrumented_surface":"login_screen","preloadStartupClasses":"not_attempted","successReason":"manual_login_screen","language_load_from_cache":"false","language_format":"langpack"},"marker":"client_tti","points":[{"timeSinceStart":3171,"name":"preloadBackgroundComponentsStart"},{"timeSinceStart":3172,"name":"preloadBackgroundComponentsEnd"},{"timeSinceStart":3172,"name":"preloadForegroundComponentsStart"},{"timeSinceStart":3955,"name":"stories_tray_early_fetch_started"},{"timeSinceStart":3993,"name":"stories_tray_fetch_begin"},{"timeSinceStart":3994,"name":"stories_tray_query_prepare_start"},{"timeSinceStart":4066,"name":"Activity:onFinish","data":{"string":{"__key":"com.facebook.katana.activity.FbMainTabActivity"}}},{"timeSinceStart":4098,"name":"Activity:onFinish1","data":{"string":{"__key":"com.facebook.katana.activity.FbMainTabActivity"}}},{"timeSinceStart":4129,"name":"Activity:onCreate","data":{"string":{"__key":"com.facebook.katana.activity.FbMainTabActivity"}}},{"timeSinceStart":4146,"name":"stories_tray_query_prepare_end"},{"timeSinceStart":4196,"name":"Activity:onDestroy","data":{"string":{"__key":"com.facebook.katana.activity.FbMainTabActivity"}}},{"timeSinceStart":4233,"name":"Activity:onCreate1","data":{"string":{"__key":"com.facebook.account.login.activity.SimpleLoginActivity"}}},{"timeSinceStart":4746,"name":"Activity:onStart","data":{"string":{"__key":"com.facebook.account.login.activity.SimpleLoginActivity"}}},{"timeSinceStart":4881,"name":"preloadForegroundComponentsEnd"},{"timeSinceStart":5021,"name":"Activity:onResume","data":{"string":{"__key":"com.facebook.account.login.activity.SimpleLoginActivity"}}},{"timeSinceStart":5081,"name":"surface_marked","data":{"string":{"__key":"login_screen"}}},{"timeSinceStart":2953,"name":"StringResourcesDelegate:init"},{"timeSinceStart":2955,"name":"StringResourcesDelegate:loadResourcesIfNeeded"},{"timeSinceStart":3880,"name":"ColdStart/ApplicationCreate"},{"timeSinceStart":4304,"name":"StringResourcesActivityListener:Start"},{"timeSinceStart":4304,"name":"StringResourcesActivityListener:UpdateLanguagePackStarted"},{"timeSinceStart":4304,"name":"StringResourcesActivityListener:UpdatedLanguage"},{"timeSinceStart":4305,"name":"StringResourcesActivityListener:GotReactNativeResources"},{"timeSinceStart":4309,"name":"StringResourcesActivityListener:Complete"}],"metadata":{"cpu_stats":{"start_pri":0,"stop_pri":0,"ps_cpu_ms":2686,"th_cpu_ms":553,"low_power_state":"false"},"io_stats":{"ps_flt":92,"proc_delayacct_blkio_ticks":0,"th_flt":12,"class_load_attempts":4068,"dex_queries":5775,"class_loads_failed":1,"locator_assists":0,"wrong_dfa_guesses":0,"allocstall":0,"pages_in":142356,"pages_out":1896,"ps_min_flt":44902,"avail_disk_spc_kb":9024324,"io_readbytes":0,"io_readchars":0,"io_readsyscalls":0,"io_writebytes":0,"io_writechars":0,"io_writesyscalls":0,"io_cancelledwb":0},"memory_stats":{"avail_mem":1227628544,"low_mem":140963840,"total_mem":2067419136},"network_stats":{"connqual":"GOOD","network_type":"wifi","network_subtype":"none"},"dex_info":{"odex_scheme_name":"OdexSchemeArtXdex","disabled_rt_verifier":true,"class_name":"MultiDexClassLoaderJava"},"data_usage":{"bytes_received":1165,"bytes_transmitted":2137},"litho_stats":{"litho_component_applied_state_update_counter":0,"litho_component_triggered_sync_state_update_counter":0,"litho_component_triggered_async_state_update_counter":0,"litho_calculate_layout_counter":0,"litho_calculate_layout_on_ui_counter":0,"litho_mount_counter":0,"litho_section_applied_state_update_counter":0,"litho_section_triggered_sync_state_update_counter":0,"litho_section_triggered_async_state_update_counter":0,"litho_section_calculate_new_changeset_counter":0,"litho_section_calculate_new_changeset_on_ui_counter":0},"startup_stats":{"app_init_ms":7447459,"time_since_app_init_ms":-3920,"first_foreground_ms":7447665,"last_foreground_ms":7448617,"startup_status":"COLD"},"network_detailed_info":{"network_info_network_changed":true,"network_info_celltower_changed":false,"network_info_opened_conn":0,"network_info_signal_level":4,"network_info_signal_dbm":-41,"network_info_frequency_mhz":5825,"network_info_link_speed_mbps":72,"network_info_app_backgrounded":false,"network_info_ms_since_init":1311,"network_info_may_have_network":false,"network_info_req_bw_ingress_avg":0,"network_info_req_bw_ingress_std_dev":0.0,"network_info_req_bw_egress_avg":0,"network_info_req_bw_egress_std_dev":0.0,"network_info_latency_quality":"unknown","network_info_upload_bw_quality":"unknown","network_info_download_bw_quality":"unknown","estimated_ttfb_ms":-1,"estimated_bandwidth_bps":-1},"fb4a_startup_stats":{"start_op_count":14,"activity_listener_count":38,"quick_event_listener_count":86,"broadcast_receiver_count":2,"executed_app_job_count":0,"controller_callback_count":0,"tigon_request_count":2,"pigeon_write_count":0,"tofu_fetch_count":0}},"radio_type":"wifi-none","pigeon_reserved_keyword_requested_latency":-1.0},"log_type":"client_event","bg":"false","time":1.614672041976E9,"name":"perf","sampling_rate":1,"tags":1088},{"extra":{"datr_device_snaptu":"5265fc70-f570-449e-ab45-87b032690f5c","event":"render","location":"fb4a_login_page","has_banner_seen":false,"consent_event":null,"is_consent_required":false,"content_type":1,"carrier_id":0,"radio_type":"wifi-none","pigeon_reserved_keyword_requested_latency":-1.0},"log_type":"client_event","bg":"false","time":1.614672045176E9,"name":"zero_header_transparency","sampling_rate":1,"tags":257},{"extra":{"audio_config_data":{"audio_language":"en","audio_file_name":"usability_playground_test_en","audio_link":"-1"},"event":"debug_audio_gating_no_value","fb4a_device_id":"5265fc70-f570-449e-ab45-87b032690f5c","current_volume":11,"max_volume":15,"product":"login","has_error":false,"radio_type":"wifi-none","pigeon_reserved_keyword_requested_latency":-1.0},"log_type":"client_event","bg":"false","time":1.614672045214E9,"name":"sc_audio_messages_event","sampling_rate":1,"tags":257},{"extra":{"event_name":"oauth_token_fetch_state","event_info":{"exception_type":"java.io.IOException","state":"token_fetch_exception","exception_message":"Could not bind to service."},"radio_type":"wifi-none","pigeon_reserved_keyword_requested_latency":-1.0},"log_type":"client_event","bg":"false","time":1.614672045258E9,"name":"login_event_client","sampling_rate":1,"tags":257},{"extra":{"pigeon_reserved_keyword_module":"confirmation","error_message":"Get ID token method exception: Could not bind to service.","radio_type":"wifi-none","pigeon_reserved_keyword_requested_latency":-1.0},"log_type":"client_event","bg":"false","time":1.614672045358E9,"name":"email_auto_confirm_failure","sampling_rate":1,"tags":256},{"extra":{"radio_type":"wifi-none","pigeon_reserved_keyword_requested_latency":-1.0},"log_type":"client_event","bg":"false","time":1.614672045768E9,"name":"search_sent","sampling_rate":1,"tags":257},{"extra":{"trigger_name":"application_init","job_name":"ANRCachedReportsSender.init","wait_time":6157,"is_needed_time":0,"radio_type":"wifi-none","pigeon_reserved_keyword_requested_latency":-1.0},"log_type":"client_event","bg":"false","time":1.61467204939E9,"name":"appjobs_android_job_started","sampling_rate":200,"tags":257},{"extra":{"boot_id":"09e2081a-603b-47a5-ab16-cb514a641642","battery":0.5600000023841858,"charge_state":"charging_usb","battery_health":"good","wifi_enabled":true,"wifi_connected":true,"mobile_data_enabled":"true","airplane_mode_on":"false","time_since_boot_ms":7453796,"screen_brightness_raw_value":95,"connection":"WIFI","free_mem":479,"total_mem":512,"total_mem_device":2067419136,"analytic_counters":{"device_bytes_sent_since_boot":1805670,"total_device_bytes_sent":1602,"app_bytes_received_since_boot":224,"total_bytes_received_foreground":224,"app_bytes_sent_since_boot":2647,"device_bytes_received_since_boot":1980623,"total_bytes_received":52,"total_bytes_sent":1707,"total_bytes_sent_foreground":367,"total_device_bytes_received":794},"process":"<default>","pigeon_reserved_keyword_module":"device","radio_type":"wifi-none","pigeon_reserved_keyword_requested_latency":-1.0},"log_type":"client_event","bg":"false","time":1.614672049393E9,"name":"device_status","sampling_rate":1,"tags":1088},{"extra":{"trigger_name":"first_app_foregrounded","job_name":"ReportUploader.init","wait_time":6149,"is_needed_time":0,"radio_type":"wifi-none","pigeon_reserved_keyword_requested_latency":-1.0},"log_type":"client_event","bg":"false","time":1.614672050397E9,"name":"appjobs_android_job_started","sampling_rate":200,"tags":257},{"extra":{"trigger_name":"first_app_foregrounded","job_name":"CampaignInitializer.init","wait_time":6760,"is_needed_time":0,"radio_type":"wifi-none","pigeon_reserved_keyword_requested_latency":-1.0},"log_type":"client_event","bg":"false","time":1.614672051008E9,"name":"appjobs_android_job_started","sampling_rate":200,"tags":257},{"extra":{"trigger_name":"app_foregrounded","job_name":"InlineVideoSoundSettings.onUserEnteredApp","wait_time":8492,"execution_time":56,"radio_type":"wifi-none","pigeon_reserved_keyword_requested_latency":-1.0},"log_type":"client_event","bg":"false","time":1.614672052796E9,"name":"appjobs_android_job_finished","sampling_rate":200,"tags":257},{"extra":{"trigger_name":"app_foregrounded","job_name":"ImpressionCyclingController.onAppJobsForeground","wait_time":8702,"execution_time":0,"radio_type":"wifi-none","pigeon_reserved_keyword_requested_latency":-1.0},"log_type":"client_event","bg":"false","time":1.614672052951E9,"name":"appjobs_android_job_finished","sampling_rate":200,"tags":257},{"extra":{"job_info":{"hints":"[DEFERRABLE, SCOPE_APP_IN_FOREGROUND, TRIGGER_SCOPE_ENTER]","completed_time":"7457335","scheduled_time":"7456899","started_time":"7457329","description":"com.facebook.mobileboost.apps.extra.BoostAppJob#onForegroundAppJob"},"radio_type":"wifi-none","pigeon_reserved_keyword_requested_latency":-1.0},"log_type":"client_event","bg":"false","time":1.614672052966E9,"name":"android_job_orchestrator","sampling_rate":200,"tags":257},{"extra":{"event_name":"search_error","radio_type":"wifi-none","pigeon_reserved_keyword_requested_latency":-1.0},"log_type":"client_event","bg":"false","time":1.614672076155E9,"name":"account_recovery_temp_client_events","sampling_rate":1,"tags":257}