{"time":1614672594371,"app_id":"350685531728","app_ver":"303.0.0.30.122","build_num":269803764,"device":"MI 3","os_ver":"6.0.1","device_id":"5265fc70-f570-449e-ab45-87b032690f5c","family_device_id":"5265fc70-f570-449e-ab45-87b032690f5c","session_id":"UFS-dd5ab1df-f085-4068-81e5-65058a6712d0-bg-1","seq":1,"uid":null,"data":[{"extra":{"trigger_name":"app_backgrounded","job_name":"PrewarmingJobsQueue.moveToBackground","wait_time":1202,"is_needed_time":0,"radio_type":"wifi-none","pigeon_reserved_keyword_requested_latency":-1.0},"log_type":"client_event","bg":"true","time":1.614672594367E9,"name":"appjobs_android_job_started","sampling_rate":200,"tags":257}