{"time":1614672846660,"app_id":"350685531728","app_ver":"303.0.0.30.122","build_num":269803764,"device":"MI 3","os_ver":"6.0.1","device_id":"5265fc70-f570-449e-ab45-87b032690f5c","family_device_id":"5265fc70-f570-449e-ab45-87b032690f5c","session_id":"UFS-dd5ab1df-f085-4068-81e5-65058a6712d0-bg-3","seq":0,"uid":null,"data":[{"extra":{"name":"FB4A_LOGGED_OUT_LOCALE_DEFAULTING_FUNNEL","funnel_id":18855,"instance_id":8954385128336644224,"start_time":1614672045246,"sampling_rate":1,"funnel_uid":0,"pseudo_end":false,"version":1,"high_priority_channel":false,"actions":[{"name":"funnel_end","relative_time":801409,"tag":"timeout"}],"radio_type":"wifi-none","pigeon_reserved_keyword_requested_latency":-1.0},"log_type":"client_event","bg":"true","time":1.614672846656E9,"name":"funnel_analytics","sampling_rate":1,"tags":1088},{"extra":{"module_name":"WifiScanner","method_name":"getConnectionInfo","is_app_in_background_no_delay":false,"is_blocked_by_failsafe":false,"is_initiated_by_failsafe":false,"allow_collection_in_background":null,"token":null,"caller_context":"FbNetworkManager","is_app_in_background_with_delay":true,"delayed_background_grace_period_ms":5000,"location_permission_setting":null,"detailed_location_permission_setting":null,"radio_type":"wifi-none","pigeon_reserved_keyword_requested_latency":-1.0},"log_type":"client_event","bg":"true","time":1.614673276986E9,"name":"android_mgeoapi_module_use","sampling_rate":200,"tags":257}