{"time":1615357345469,"app_id":"350685531728","app_ver":"303.0.0.30.122","build_num":269803764,"device":"MI 3","os_ver":"6.0.1","device_id":"5265fc70-f570-449e-ab45-87b032690f5c","family_device_id":"5265fc70-f570-449e-ab45-87b032690f5c","session_id":"UFS-a8e0ef7e-67e0-45ec-98b9-007cbe0fc792-fg-9","seq":0,"uid":"100057804977794","claims":["hmac.AR2ZJvJawHDoTViZoGNBWSeSx04MfnAubrlF1qN_WBN9p9t8"],"data":[{"extra":{"pigeon_reserved_keyword_module":"unknown","seq":6,"nav_attribution_id":{},"nav_attribution_id_v2":"NDXActivity2,,foreground,1615357345.370,116167301,;SimpleLoginActivity,,foreground,1615357303.651,25569154,","click_point":"foreground","dest_module_class":"NDXActivity2","radio_type":"wifi-none","pigeon_reserved_keyword_requested_latency":-1.0},"log_type":"client_event","bg":"false","time":1.615357345368E9,"name":"navigation","sampling_rate":1,"tags":256},{"extra":{"pigeon_reserved_keyword_module":"friend_finder","ci_flow":"NDX_CCU_LEGAL_V2","ccu_ref":"NDX_CCU_LEGAL_V2","legal_screen_entry_source":"ndx","should_show_term":"true","skip_term_fc_gk":"UNSET","radio_type":"wifi-none","pigeon_reserved_keyword_requested_latency":-1.0},"log_type":"client_event","bg":"false","time":1.615357345503E9,"name":"friend_finder_legal_opened","sampling_rate":1,"tags":256},{"extra":{"pigeon_reserved_keyword_module":"device","connection":"WIFI","quality":"GOOD","bandwidth":"GOOD","latency":"EXCELLENT","radio_type":"wifi-none","pigeon_reserved_keyword_requested_latency":-1.0},"log_type":"client_event","bg":"false","time":1.615357348374E9,"name":"quality_change","sampling_rate":1,"tags":256},{"extra":{"ci_flow":"NDX_CCU_LEGAL_V2","ccu_ref":"NDX_CCU_LEGAL_V2","os_permission":true,"action_type":"on_permissions_granted","radio_type":"wifi-none","pigeon_reserved_keyword_requested_latency":-1.0},"log_type":"client_event","bg":"false","time":1.615357348731E9,"name":"nux_quick_friending_legal_screen_info","sampling_rate":1,"tags":256},{"extra":{"pigeon_reserved_keyword_module":"friend_finder","ci_flow":"NDX_CCU_LEGAL_V2","ccu_ref":"NDX_CCU_LEGAL_V2","os_permission":"true","legal_screen_entry_source":"ndx","radio_type":"wifi-none","pigeon_reserved_keyword_requested_latency":-1.0},"log_type":"client_event","bg":"false","time":1.615357348733E9,"name":"friend_finder_legal_get_started","sampling_rate":1,"tags":256},{"extra":{"pigeon_reserved_keyword_module":"friend_finder","api":"friendable_contacts","ci_flow":"NDX_CCU_LEGAL_V2","radio_type":"wifi-none","pigeon_reserved_keyword_requested_latency":-1.0},"log_type":"client_event","bg":"false","time":1.615357349015E9,"name":"friend_finder_opened","sampling_rate":1,"tags":256},{"extra":{"pigeon_reserved_keyword_module":"unknown","source_module_class":"NDXActivity2","seq":7,"nav_attribution_id":{},"nav_attribution_id_v2":"FriendFinderHostingActivity,,,1615357349.131,74011330,;NDXActivity2,,foreground,1615357345.370,116167301,;SimpleLoginActivity,,foreground,1615357303.651,25569154,","dest_module_class":"FriendFinderHostingActivity","radio_type":"wifi-none","pigeon_reserved_keyword_requested_latency":-1.0},"log_type":"client_event","bg":"false","time":1.615357349126E9,"name":"navigation","sampling_rate":1,"tags":256},{"extra":{"event_type":"download","sticker_id":"767226160478561","asset_type":"preview","timestamp":1615357353830,"download_time_ms":965,"appears_to_be_connected_on_wifi":true,"download_status":"success","radio_type":"wifi-none","pigeon_reserved_keyword_requested_latency":-1.0},"log_type":"client_event","bg":"false","time":1.615357353929E9,"name":"sticker_asset","sampling_rate":1,"tags":0},{"extra":{"pymk_signature":"774925990","pymk_id":"100012818553243","pymk_location":"friend_finder","pigeon_reserved_keyword_uuid":"f715e4fd-335f-4390-b538-b49e23899051","radio_type":"wifi-none","pigeon_reserved_keyword_requested_latency":-1.0},"log_type":"client_event","bg":"false","time":1.61535735431E9,"name":"regular_pymk_imp","sampling_rate":1,"tags":257},{"extra":{"pymk_signature":"774925990","pymk_id":"100035445469453","pymk_location":"friend_finder","pigeon_reserved_keyword_uuid":"f715e4fd-335f-4390-b538-b49e23899051","radio_type":"wifi-none","pigeon_reserved_keyword_requested_latency":-1.0},"log_type":"client_event","bg":"false","time":1.615357354311E9,"name":"regular_pymk_imp","sampling_rate":1,"tags":257},{"extra":{"pymk_signature":"774925990","pymk_id":"100016639637512","pymk_location":"friend_finder","pigeon_reserved_keyword_uuid":"f715e4fd-335f-4390-b538-b49e23899051","radio_type":"wifi-none","pigeon_reserved_keyword_requested_latency":-1.0},"log_type":"client_event","bg":"false","time":1.615357354315E9,"name":"regular_pymk_imp","sampling_rate":1,"tags":257},{"extra":{"pymk_signature":"774925990","pymk_id":"100011535342565","pymk_location":"friend_finder","pigeon_reserved_keyword_uuid":"f715e4fd-335f-4390-b538-b49e23899051","radio_type":"wifi-none","pigeon_reserved_keyword_requested_latency":-1.0},"log_type":"client_event","bg":"false","time":1.615357354316E9,"name":"regular_pymk_imp","sampling_rate":1,"tags":257},{"extra":{"pymk_signature":"774925990","pymk_id":"100013493738229","pymk_location":"friend_finder","pigeon_reserved_keyword_uuid":"f715e4fd-335f-4390-b538-b49e23899051","radio_type":"wifi-none","pigeon_reserved_keyword_requested_latency":-1.0},"log_type":"client_event","bg":"false","time":1.615357354316E9,"name":"regular_pymk_imp","sampling_rate":1,"tags":257},{"extra":{"app_locale":"zh_CN","client_string_id":"2131965577","device_locale":"zh_CN","requested_locale":"zh_CN","requested_fb_locale":"zh_CN","translation_bundle_type":"frsc","logger_version":0,"logger_name":"FbtLoggerImpl","requested_variations":[0,1],"radio_type":"wifi-none","pigeon_reserved_keyword_requested_latency":-1.0},"log_type":"client_event","bg":"false","time":1.615357354354E9,"name":"intl_android_string_impressions","sampling_rate":200,"tags":257},{"extra":{"event_type":"download","sticker_id":"767225327145311","asset_type":"preview","timestamp":1615357354742,"download_time_ms":676,"appears_to_be_connected_on_wifi":true,"download_status":"success","radio_type":"wifi-none","pigeon_reserved_keyword_requested_latency":-1.0},"log_type":"client_event","bg":"false","time":1.615357354743E9,"name":"sticker_asset","sampling_rate":1,"tags":0},{"extra":{"event_type":"download","sticker_id":"767226900478487","asset_type":"preview","timestamp":1615357355681,"download_time_ms":879,"appears_to_be_connected_on_wifi":true,"download_status":"success","radio_type":"wifi-none","pigeon_reserved_keyword_requested_latency":-1.0},"log_type":"client_event","bg":"false","time":1.615357355681E9,"name":"sticker_asset","sampling_rate":1,"tags":0},{"extra":{"event_type":"download","sticker_id":"767227107145133","asset_type":"preview","timestamp":1615357356677,"download_time_ms":802,"appears_to_be_connected_on_wifi":true,"download_status":"success","radio_type":"wifi-none","pigeon_reserved_keyword_requested_latency":-1.0},"log_type":"client_event","bg":"false","time":1.61535735668E9,"name":"sticker_asset","sampling_rate":1,"tags":0},{"extra":{"event_type":"download","sticker_id":"767227613811749","asset_type":"preview","timestamp":1615357357090,"download_time_ms":389,"appears_to_be_connected_on_wifi":true,"download_status":"success","radio_type":"wifi-none","pigeon_reserved_keyword_requested_latency":-1.0},"log_type":"client_event","bg":"false","time":1.615357357091E9,"name":"sticker_asset","sampling_rate":1,"tags":0},{"extra":{"event_type":"download","sticker_id":"767227363811774","asset_type":"preview","timestamp":1615357357547,"download_time_ms":432,"appears_to_be_connected_on_wifi":true,"download_status":"success","radio_type":"wifi-none","pigeon_reserved_keyword_requested_latency":-1.0},"log_type":"client_event","bg":"false","time":1.615357357548E9,"name":"sticker_asset","sampling_rate":1,"tags":0},{"extra":{"pigeon_reserved_keyword_module":"marauder","tier":"normal","beacon_id":6,"beacon_session_id":1178219902,"radio_type":"wifi-none","pigeon_reserved_keyword_requested_latency":-1.0},"log_type":"client_event","bg":"false","time":1.615357357559E9,"name":"pigeon_beacon","sampling_rate":1,"tags":1088},{"extra":{"event_type":"download","sticker_id":"767227810478396","asset_type":"preview","timestamp":1615357357953,"download_time_ms":373,"appears_to_be_connected_on_wifi":true,"download_status":"success","radio_type":"wifi-none","pigeon_reserved_keyword_requested_latency":-1.0},"log_type":"client_event","bg":"false","time":1.615357357954E9,"name":"sticker_asset","sampling_rate":1,"tags":0},{"extra":{"event_type":"download","sticker_id":"767228457144998","asset_type":"preview","timestamp":1615357358460,"download_time_ms":486,"appears_to_be_connected_on_wifi":true,"download_status":"success","radio_type":"wifi-none","pigeon_reserved_keyword_requested_latency":-1.0},"log_type":"client_event","bg":"false","time":1.615357358464E9,"name":"sticker_asset","sampling_rate":1,"tags":0},{"extra":{"event_type":"download","sticker_id":"767218227146021","asset_type":"preview","timestamp":1615357358878,"download_time_ms":396,"appears_to_be_connected_on_wifi":true,"download_status":"success","radio_type":"wifi-none","pigeon_reserved_keyword_requested_latency":-1.0},"log_type":"client_event","bg":"false","time":1.615357358879E9,"name":"sticker_asset","sampling_rate":1,"tags":0},{"extra":{"app_locale":"zh_CN","client_string_id":"2131965577","device_locale":"zh_CN","requested_locale":"zh_CN","requested_fb_locale":"zh_CN","translation_bundle_type":"frsc","logger_version":0,"logger_name":"FbtLoggerImpl","requested_variations":[0,1],"radio_type":"wifi-none","pigeon_reserved_keyword_requested_latency":-1.0},"log_type":"client_event","bg":"false","time":1.61535735973E9,"name":"intl_android_string_impressions","sampling_rate":200,"tags":257},{"extra":{"pymk_signature":"774925990","pymk_id":"100021582852834","pymk_location":"friend_finder","pigeon_reserved_keyword_uuid":"f715e4fd-335f-4390-b538-b49e23899051","radio_type":"wifi-none","pigeon_reserved_keyword_requested_latency":-1.0},"log_type":"client_event","bg":"false","time":1.615357359776E9,"name":"regular_pymk_imp","sampling_rate":1,"tags":257},{"extra":{"event_type":"download","sticker_id":"767228680478309","asset_type":"preview","timestamp":1615357359943,"download_time_ms":935,"appears_to_be_connected_on_wifi":true,"download_status":"success","radio_type":"wifi-none","pigeon_reserved_keyword_requested_latency":-1.0},"log_type":"client_event","bg":"false","time":1.615357359943E9,"name":"sticker_asset","sampling_rate":1,"tags":0},{"extra":{"tab_selection_type":"fallback","attribution_id":"{}","pigeon_reserved_keyword_module":"video_home","is_vh_shows_enabled":true,"device_type":"MOBILE","has_tab":false,"radio_type":"wifi-none","pigeon_reserved_keyword_requested_latency":-1.0},"log_type":"client_event","bg":"false","time":1.615357360073E9,"name":"video_home_video_jewel_impression","sampling_rate":1,"tags":256},{"extra":{"pymk_signature":"774925990","pymk_id":"100025465532804","pymk_location":"friend_finder","pigeon_reserved_keyword_uuid":"f715e4fd-335f-4390-b538-b49e23899051","radio_type":"wifi-none","pigeon_reserved_keyword_requested_latency":-1.0},"log_type":"client_event","bg":"false","time":1.615357360561E9,"name":"regular_pymk_imp","sampling_rate":1,"tags":257},{"extra":{"event_type":"download","sticker_id":"767228970478280","asset_type":"preview","timestamp":1615357361002,"download_time_ms":940,"appears_to_be_connected_on_wifi":true,"download_status":"success","radio_type":"wifi-none","pigeon_reserved_keyword_requested_latency":-1.0},"log_type":"client_event","bg":"false","time":1.615357361003E9,"name":"sticker_asset","sampling_rate":1,"tags":0},{"extra":{"pymk_signature":"774925990","pymk_id":"100024273220561","pymk_location":"friend_finder","pigeon_reserved_keyword_uuid":"f715e4fd-335f-4390-b538-b49e23899051","radio_type":"wifi-none","pigeon_reserved_keyword_requested_latency":-1.0},"log_type":"client_event","bg":"false","time":1.615357361362E9,"name":"regular_pymk_imp","sampling_rate":1,"tags":257},{"extra":{"event_type":"download","sticker_id":"767229273811583","asset_type":"preview","timestamp":1615357361951,"download_time_ms":827,"appears_to_be_connected_on_wifi":true,"download_status":"success","radio_type":"wifi-none","pigeon_reserved_keyword_requested_latency":-1.0},"log_type":"client_event","bg":"false","time":1.615357361952E9,"name":"sticker_asset","sampling_rate":1,"tags":0},{"extra":{"pymk_signature":"774925990","pymk_id":"100020522084663","pymk_location":"friend_finder","pigeon_reserved_keyword_uuid":"f715e4fd-335f-4390-b538-b49e23899051","radio_type":"wifi-none","pigeon_reserved_keyword_requested_latency":-1.0},"log_type":"client_event","bg":"false","time":1.615357362062E9,"name":"regular_pymk_imp","sampling_rate":1,"tags":257},{"extra":{"event_type":"download","sticker_id":"767217667146077","asset_type":"preview","timestamp":1615357362567,"download_time_ms":564,"appears_to_be_connected_on_wifi":true,"download_status":"success","radio_type":"wifi-none","pigeon_reserved_keyword_requested_latency":-1.0},"log_type":"client_event","bg":"false","time":1.61535736257E9,"name":"sticker_asset","sampling_rate":1,"tags":0},{"extra":{"pymk_signature":"774925990","pymk_id":"100014397379430","pymk_location":"friend_finder","pigeon_reserved_keyword_uuid":"f715e4fd-335f-4390-b538-b49e23899051","radio_type":"wifi-none","pigeon_reserved_keyword_requested_latency":-1.0},"log_type":"client_event","bg":"false","time":1.615357362679E9,"name":"regular_pymk_imp","sampling_rate":1,"tags":257},{"extra":{"pymk_signature":"774925990","pymk_id":"100017835307719","pymk_location":"friend_finder","pigeon_reserved_keyword_uuid":"f715e4fd-335f-4390-b538-b49e23899051","radio_type":"wifi-none","pigeon_reserved_keyword_requested_latency":-1.0},"log_type":"client_event","bg":"false","time":1.615357362973E9,"name":"regular_pymk_imp","sampling_rate":1,"tags":257},{"extra":{"pymk_signature":"774925990","pymk_id":"100022666612221","pymk_location":"friend_finder","pigeon_reserved_keyword_uuid":"f715e4fd-335f-4390-b538-b49e23899051","radio_type":"wifi-none","pigeon_reserved_keyword_requested_latency":-1.0},"log_type":"client_event","bg":"false","time":1.615357363536E9,"name":"regular_pymk_imp","sampling_rate":1,"tags":257},{"extra":{"event_type":"download","sticker_id":"767218003812710","asset_type":"preview","timestamp":1615357363722,"download_time_ms":898,"appears_to_be_connected_on_wifi":true,"download_status":"success","radio_type":"wifi-none","pigeon_reserved_keyword_requested_latency":-1.0},"log_type":"client_event","bg":"false","time":1.615357363804E9,"name":"sticker_asset","sampling_rate":1,"tags":0},{"extra":{"pymk_signature":"774925990","pymk_id":"100009592791269","pymk_location":"friend_finder","pigeon_reserved_keyword_uuid":"f715e4fd-335f-4390-b538-b49e23899051","radio_type":"wifi-none","pigeon_reserved_keyword_requested_latency":-1.0},"log_type":"client_event","bg":"false","time":1.615357364122E9,"name":"regular_pymk_imp","sampling_rate":1,"tags":257},{"extra":{"event_type":"download","sticker_id":"767230027144841","asset_type":"preview","timestamp":1615357364359,"download_time_ms":457,"appears_to_be_connected_on_wifi":true,"download_status":"success","radio_type":"wifi-none","pigeon_reserved_keyword_requested_latency":-1.0},"log_type":"client_event","bg":"false","time":1.61535736436E9,"name":"sticker_asset","sampling_rate":1,"tags":0},{"extra":{"event_type":"download","sticker_id":"767229457144898","asset_type":"preview","timestamp":1615357364687,"download_time_ms":184,"appears_to_be_connected_on_wifi":true,"download_status":"success","radio_type":"wifi-none","pigeon_reserved_keyword_requested_latency":-1.0},"log_type":"client_event","bg":"false","time":1.615357364688E9,"name":"sticker_asset","sampling_rate":1,"tags":0},{"extra":{"event_type":"download","sticker_id":"767229743811536","asset_type":"preview","timestamp":1615357365788,"download_time_ms":838,"appears_to_be_connected_on_wifi":true,"download_status":"success","radio_type":"wifi-none","pigeon_reserved_keyword_requested_latency":-1.0},"log_type":"client_event","bg":"false","time":1.615357365789E9,"name":"sticker_asset","sampling_rate":1,"tags":0},{"extra":{"pigeon_reserved_keyword_module":"friend_finder","api":"friendable_contacts","ci_flow":"NDX_CCU_LEGAL_V2","time_since_creation":16833,"total_candidates":30,"how_many_seen":25,"pymk_count":30,"radio_type":"wifi-none","pigeon_reserved_keyword_requested_latency":-1.0},"log_type":"client_event","bg":"false","time":1.615357365847E9,"name":"friend_finder_how_many_seen","sampling_rate":1,"tags":256},{"extra":{"event_type":"download","sticker_id":"767228227145021","asset_type":"preview","timestamp":1615357366244,"download_time_ms":297,"appears_to_be_connected_on_wifi":true,"download_status":"success","radio_type":"wifi-none","pigeon_reserved_keyword_requested_latency":-1.0},"log_type":"client_event","bg":"false","time":1.61535736625E9,"name":"sticker_asset","sampling_rate":1,"tags":0},{"extra":{"event_type":"download","sticker_id":"767218470479330","asset_type":"preview","timestamp":1615357366414,"download_time_ms":124,"appears_to_be_connected_on_wifi":true,"download_status":"success","radio_type":"wifi-none","pigeon_reserved_keyword_requested_latency":-1.0},"log_type":"client_event","bg":"false","time":1.615357366415E9,"name":"sticker_asset","sampling_rate":1,"tags":0},{"extra":{"trigger_name":"app_foregrounded","job_name":"ContactObserversRegistrationHandler.registerWhenUserEntersApp","wait_time":62815,"is_needed_time":0,"radio_type":"wifi-none","pigeon_reserved_keyword_requested_latency":-1.0},"log_type":"client_event","bg":"false","time":1.615357366507E9,"name":"appjobs_android_job_started","sampling_rate":200,"tags":257},{"extra":{"event_type":"download","sticker_id":"767219163812594","asset_type":"preview","timestamp":1615357366596,"download_time_ms":134,"appears_to_be_connected_on_wifi":true,"download_status":"success","radio_type":"wifi-none","pigeon_reserved_keyword_requested_latency":-1.0},"log_type":"client_event","bg":"false","time":1.615357366597E9,"name":"sticker_asset","sampling_rate":1,"tags":0},{"extra":{"event":"client_subscribe","event_detail":"none","use_case":"search_bootstrap_remove_entities_subscribe","use_case_type":"gqls","radio_type":"wifi-none","pigeon_reserved_keyword_requested_latency":-1.0},"log_type":"client_event","bg":"false","time":1.615357366721E9,"name":"realtime_frameworks_counter","sampling_rate":200,"tags":257},{"extra":{"event_type":"download","sticker_id":"767218737145970","asset_type":"preview","timestamp":1615357366778,"download_time_ms":156,"appears_to_be_connected_on_wifi":true,"download_status":"success","radio_type":"wifi-none","pigeon_reserved_keyword_requested_latency":-1.0},"log_type":"client_event","bg":"false","time":1.615357366779E9,"name":"sticker_asset","sampling_rate":1,"tags":0},{"extra":{"trigger_name":"app_foregrounded","job_name":"FbVpsController.onForegroundAppJob","wait_time":63235,"is_needed_time":1,"radio_type":"wifi-none","pigeon_reserved_keyword_requested_latency":-1.0},"log_type":"client_event","bg":"false","time":1.615357366926E9,"name":"appjobs_android_job_started","sampling_rate":200,"tags":257},{"extra":{"event_type":"download","sticker_id":"767226573811853","asset_type":"preview","timestamp":1615357366977,"download_time_ms":154,"appears_to_be_connected_on_wifi":true,"download_status":"success","radio_type":"wifi-none","pigeon_reserved_keyword_requested_latency":-1.0},"log_type":"client_event","bg":"false","time":1.615357366977E9,"name":"sticker_asset","sampling_rate":1,"tags":0}