{"time":1615357314363,"app_id":"350685531728","app_ver":"303.0.0.30.122","build_num":269803764,"device":"MI 3","os_ver":"6.0.1","device_id":"5265fc70-f570-449e-ab45-87b032690f5c","family_device_id":"5265fc70-f570-449e-ab45-87b032690f5c","session_id":"UFS-a8e0ef7e-67e0-45ec-98b9-007cbe0fc792-fg-7","seq":0,"uid":"100057804977794","claims":["hmac.AR2ZJvJawHDoTViZoGNBWSeSx04MfnAubrlF1qN_WBN9p9t8"],"data":[{"extra":{"tos_id":"cooko7","start_time":1615357305,"tos_array":"[1, 0]","tos_len":10,"tos_seq":4,"tos_cum":12,"start_session_id":"UFS-a8e0ef7e-67e0-45ec-98b9-007cbe0fc792-fg-6","google_ad_id":"84ca00bb-a9b0-429f-a0c4-0a3c3e89032b","radio_type":"wifi-none","pigeon_reserved_keyword_requested_latency":-1.0},"log_type":"client_event","bg":"false","time":1.615357314315E9,"name":"time_spent_bit_array","sampling_rate":1,"tags":256},{"extra":{"state":"LOGIN_SUCCESS","pigeon_reserved_keyword_module":"simple_reg","radio_type":"wifi-none","pigeon_reserved_keyword_requested_latency":-1.0},"log_type":"client_event","bg":"false","time":1.615357317994E9,"name":"fb4a_portal_activity_state","sampling_rate":1,"tags":257},{"extra":{"flow":"interstitial_nux","counter_value":1,"potential_account_id":100057804977794,"source_datr":"fWVIYKg2TWnCmraESPRoePVn","total_counter_value":1,"radio_type":"wifi-none","pigeon_reserved_keyword_requested_latency":-1.0},"log_type":"client_event","bg":"false","time":1.615357319204E9,"name":"dbl_pw_save_prompt","sampling_rate":1,"tags":257},{"extra":{"flow":"interstitial_nux","counter_value":1,"potential_account_id":100057804977794,"source_datr":"fWVIYKg2TWnCmraESPRoePVn","total_counter_value":1,"radio_type":"wifi-none","pigeon_reserved_keyword_requested_latency":-1.0},"log_type":"client_event","bg":"false","time":1.615357319204E9,"name":"dbl_show_nux","sampling_rate":1,"tags":257},{"extra":{"pigeon_reserved_keyword_module":"unknown","source_module_class":"SimpleLoginActivity","seq":4,"nav_attribution_id":{},"nav_attribution_id_v2":"ActivateDeviceBasedLoginNuxActivity,,,1615357319.243,83273926,;SimpleLoginActivity,,foreground,1615357303.651,25569154,","dest_module_class":"ActivateDeviceBasedLoginNuxActivity","radio_type":"wifi-none","pigeon_reserved_keyword_requested_latency":-1.0},"log_type":"client_event","bg":"false","time":1.615357319226E9,"name":"navigation","sampling_rate":1,"tags":256},{"extra":{"pigeon_reserved_keyword_module":"contacts_upload","continuous_upload_state":3,"radio_type":"wifi-none","pigeon_reserved_keyword_requested_latency":-1.0},"log_type":"client_event","bg":"false","time":1.615357320684E9,"name":"contacts_upload_state","sampling_rate":1,"tags":1088},{"extra":{"reason":null,"source":"default","source_datr":"fWVIYKg2TWnCmraESPRoePVn","state":"attempt","radio_type":"wifi-none","pigeon_reserved_keyword_requested_latency":-1.0},"log_type":"client_event","bg":"false","time":1.615357325328E9,"name":"dbl_set_nonce_state","sampling_rate":1,"tags":1},{"extra":{"nux_version":"v1","source":"default","source_datr":"fWVIYKg2TWnCmraESPRoePVn","radio_type":"wifi-none","pigeon_reserved_keyword_requested_latency":-1.0},"log_type":"client_event","bg":"false","time":1.61535732534E9,"name":"dbl_nux_dismiss_forward","sampling_rate":1,"tags":257},{"extra":{"name":"SMARTLOCK_SAVE_FUNNEL","funnel_id":-26803,"instance_id":7209143080730008713,"start_time":1615357318023,"sampling_rate":100,"funnel_uid":100057804977794,"pseudo_end":false,"version":5,"high_priority_channel":false,"actions":[{"name":"spi_shown","relative_time":1028},{"name":"spi_accepted","relative_time":7317},{"name":"init_smartlock","relative_time":7318},{"name":"establish_connection","relative_time":7591},{"name":"connection_success","relative_time":7820},{"name":"runnable_scheduled","relative_time":7821},{"name":"save_attempt","relative_time":7853},{"name":"resolution_unavailable","relative_time":8517,"tag":"8"},{"name":"funnel_end","relative_time":8517,"tag":"explicit"}],"radio_type":"wifi-none","pigeon_reserved_keyword_requested_latency":-1.0},"log_type":"client_event","bg":"false","time":1.615357326611E9,"name":"funnel_analytics","sampling_rate":1,"tags":1088},{"extra":{"pigeon_reserved_keyword_module":"unknown","source_module_class":"ActivateDeviceBasedLoginNuxActivity","seq":5,"nav_attribution_id":{},"nav_attribution_id_v2":"SimpleLoginActivity,,foreground,1615357303.651,25569154,","dest_module_class":"SimpleLoginActivity","radio_type":"wifi-none","pigeon_reserved_keyword_requested_latency":-1.0},"log_type":"client_event","bg":"false","time":1.615357326712E9,"name":"navigation","sampling_rate":1,"tags":256},{"extra":{"tos_id":"cooko7","start_time":1615357325,"tos_array":"[1, 0]","tos_len":2,"tos_seq":5,"tos_cum":13,"start_session_id":"UFS-a8e0ef7e-67e0-45ec-98b9-007cbe0fc792-fg-7","google_ad_id":"84ca00bb-a9b0-429f-a0c4-0a3c3e89032b","radio_type":"wifi-none","pigeon_reserved_keyword_requested_latency":-1.0},"log_type":"client_event","bg":"true","time":1.615357331919E9,"name":"time_spent_bit_array","sampling_rate":1,"tags":256}