{"time":1615357336351,"app_id":"350685531728","app_ver":"303.0.0.30.122","build_num":269803764,"device":"MI 3","os_ver":"6.0.1","device_id":"5265fc70-f570-449e-ab45-87b032690f5c","family_device_id":"5265fc70-f570-449e-ab45-87b032690f5c","session_id":"UFS-a8e0ef7e-67e0-45ec-98b9-007cbe0fc792-bg-8","seq":0,"uid":"100057804977794","claims":["hmac.AR2ZJvJawHDoTViZoGNBWSeSx04MfnAubrlF1qN_WBN9p9t8"],"data":[{"extra":{"pigeon_reserved_keyword_module":"device","connection":"WIFI","quality":"EXCELLENT","bandwidth":"EXCELLENT","latency":"UNKNOWN","radio_type":"wifi-none","pigeon_reserved_keyword_requested_latency":-1.0},"log_type":"client_event","bg":"true","time":1.615357336345E9,"name":"quality_change","sampling_rate":1,"tags":256},{"extra":{"potential_account_id":100057804977794,"account_type":"password_saved","has_pin":false,"source_datr":"fWVIYKg2TWnCmraESPRoePVn","flow":"interstitial_nux","saved_accounts":[100057804977794],"identifier_accounts":[],"counter_value":1,"total_counter_value":1,"radio_type":"wifi-none","pigeon_reserved_keyword_requested_latency":-1.0},"log_type":"client_event","bg":"true","time":1.615357338166E9,"name":"dbl_save_account","sampling_rate":1,"tags":257},{"extra":{"reason":null,"source":"default","source_datr":"fWVIYKg2TWnCmraESPRoePVn","state":"success","radio_type":"wifi-none","pigeon_reserved_keyword_requested_latency":-1.0},"log_type":"client_event","bg":"true","time":1.615357338167E9,"name":"dbl_set_nonce_state","sampling_rate":1,"tags":1},{"extra":{"pigeon_reserved_keyword_module":"device","connection":"WIFI","quality":"EXCELLENT","bandwidth":"EXCELLENT","latency":"EXCELLENT","raw_kbps":2777.169055339405,"raw_rtt":24.0,"radio_type":"wifi-none","pigeon_reserved_keyword_requested_latency":-1.0},"log_type":"client_event","bg":"true","time":1.615357338352E9,"name":"quality_change","sampling_rate":1,"tags":256}