{"time":1615357140887,"app_id":"350685531728","app_ver":"303.0.0.30.122","build_num":269803764,"device":"MI 3","os_ver":"6.0.1","device_id":"5265fc70-f570-449e-ab45-87b032690f5c","family_device_id":"5265fc70-f570-449e-ab45-87b032690f5c","session_id":"UFS-a8e0ef7e-67e0-45ec-98b9-007cbe0fc792-bg-1","seq":0,"uid":null,"data":[{"extra":{"scenario":"scroll_perf_android","summaries":[],"radio_type":"wifi-none","pigeon_reserved_keyword_requested_latency":-2.0},"log_type":"client_event","bg":"true","time":1.615357140871E9,"name":"qpl_aggregations","sampling_rate":1,"tags":257},{"extra":{"pigeon_reserved_keyword_module":"marauder","tier":"hipri","beacon_id":3,"beacon_session_id":-1430416057,"radio_type":"wifi-none","pigeon_reserved_keyword_requested_latency":-2.0},"log_type":"client_event","bg":"true","time":1.615357140886E9,"name":"pigeon_beacon","sampling_rate":1,"tags":1088}