{"time":1614663719503,"app_id":"350685531728","app_ver":"303.0.0.30.122","build_num":269803764,"device":"MI 3","os_ver":"6.0.1","device_id":"5265fc70-f570-449e-ab45-87b032690f5c","family_device_id":"5265fc70-f570-449e-ab45-87b032690f5c","session_id":"UFS-62fb6d8f-3757-4c3f-851e-c09774b04506-fg-0","seq":0,"uid":null,"data":[{"extra":{"pigeon_reserved_keyword_module":"unknown","seq":0,"nav_attribution_id":{},"nav_attribution_id_v2":"SimpleLoginActivity,,foreground,1614663716.815,79530734,","click_point":"foreground","dest_module_class":"SimpleLoginActivity","radio_type":"wifi-none","pigeon_reserved_keyword_requested_latency":-1.0},"log_type":"client_event","bg":"false","time":1.614663716806E9,"name":"navigation","sampling_rate":1,"tags":768},{"extra":{"pigeon_reserved_keyword_module":"marauder","tier":"normal","beacon_id":1,"beacon_session_id":1178219902,"radio_type":"wifi-none","pigeon_reserved_keyword_requested_latency":-1.0},"log_type":"client_event","bg":"false","time":1.6146637195E9,"name":"pigeon_beacon","sampling_rate":1,"tags":1088},{"extra":{"marker_id":3997703,"instance_id":752622942,"sample_rate":1,"time_since_boot_ms":55184126,"duration_ns":10929000000,"action_id":2,"marker_type":1,"method":"random_sampling","annotations_int":{"coldStartMode":3,"sinceBoot":55195058,"activitiesCreated":2,"startCount":0,"priorStartType":0},"annotations_bool":{"isScreenOff":false,"isDeviceLocked":false},"annotations":{"runningAppProcessImportance":"IMPORTANCE_FOREGROUND","stories_tray_client_request_id":"4a96c582-0b54-4ddc-b96b-3b84f835ed21","tray_fetch_reason":"cold_start","tray_not_available_reason":"graphql_error","surface":"login_screen","manually_instrumented_surface":"login_screen","preloadStartupClasses":"not_attempted","successReason":"manual_login_screen","language_load_from_cache":"false","language_format":"langpack"},"marker":"client_tti","points":[{"timeSinceStart":2592,"name":"preloadBackgroundComponentsStart"},{"timeSinceStart":2620,"name":"preloadBackgroundComponentsEnd"},{"timeSinceStart":2620,"name":"preloadForegroundComponentsStart"},{"timeSinceStart":3941,"name":"preloadForegroundComponentsEnd"},{"timeSinceStart":10180,"name":"stories_tray_early_fetch_started"},{"timeSinceStart":10232,"name":"stories_tray_fetch_begin"},{"timeSinceStart":10233,"name":"stories_tray_query_prepare_start"},{"timeSinceStart":10267,"name":"Activity:onFinish","data":{"string":{"__key":"com.facebook.katana.activity.FbMainTabActivity"}}},{"timeSinceStart":10271,"name":"Activity:onFinish1","data":{"string":{"__key":"com.facebook.katana.activity.FbMainTabActivity"}}},{"timeSinceStart":10277,"name":"Activity:onCreate","data":{"string":{"__key":"com.facebook.katana.activity.FbMainTabActivity"}}},{"timeSinceStart":10299,"name":"Activity:onDestroy","data":{"string":{"__key":"com.facebook.katana.activity.FbMainTabActivity"}}},{"timeSinceStart":10318,"name":"Activity:onCreate1","data":{"string":{"__key":"com.facebook.account.login.activity.SimpleLoginActivity"}}},{"timeSinceStart":10338,"name":"stories_tray_query_prepare_end"},{"timeSinceStart":10594,"name":"Activity:onStart","data":{"string":{"__key":"com.facebook.account.login.activity.SimpleLoginActivity"}}},{"timeSinceStart":10875,"name":"Activity:onResume","data":{"string":{"__key":"com.facebook.account.login.activity.SimpleLoginActivity"}}},{"timeSinceStart":10929,"name":"surface_marked","data":{"string":{"__key":"login_screen"}}},{"timeSinceStart":2525,"name":"StringResourcesDelegate:init"},{"timeSinceStart":2528,"name":"StringResourcesDelegate:loadResourcesIfNeeded"},{"timeSinceStart":10102,"name":"ColdStart/ApplicationCreate"},{"timeSinceStart":10332,"name":"StringResourcesActivityListener:Start"},{"timeSinceStart":10332,"name":"StringResourcesActivityListener:UpdateLanguagePackStarted"},{"timeSinceStart":10332,"name":"StringResourcesActivityListener:UpdatedLanguage"},{"timeSinceStart":10340,"name":"StringResourcesActivityListener:GotReactNativeResources"},{"timeSinceStart":10340,"name":"StringResourcesActivityListener:Complete"}],"metadata":{"cpu_stats":{"start_pri":0,"stop_pri":0,"ps_cpu_ms":2408,"th_cpu_ms":503,"low_power_state":"false"},"io_stats":{"ps_flt":36,"proc_delayacct_blkio_ticks":0,"th_flt":2,"class_load_attempts":4045,"dex_queries":5731,"class_loads_failed":1,"locator_assists":0,"wrong_dfa_guesses":0,"allocstall":0,"pages_in":5388,"pages_out":2276,"ps_min_flt":45034,"avail_disk_spc_kb":9034296,"io_readbytes":0,"io_readchars":0,"io_readsyscalls":0,"io_writebytes":0,"io_writechars":0,"io_writesyscalls":0,"io_cancelledwb":0},"memory_stats":{"avail_mem":1051693056,"low_mem":140963840,"total_mem":2067419136},"network_stats":{"connqual":"GOOD","network_type":"wifi","network_subtype":"none"},"dex_info":{"odex_scheme_name":"OdexSchemeArtXdex","disabled_rt_verifier":true,"class_name":"MultiDexClassLoaderJava"},"data_usage":{"bytes_received":1019,"bytes_transmitted":1966},"litho_stats":{"litho_component_applied_state_update_counter":0,"litho_component_triggered_sync_state_update_counter":0,"litho_component_triggered_async_state_update_counter":0,"litho_calculate_layout_counter":0,"litho_calculate_layout_on_ui_counter":0,"litho_mount_counter":0,"litho_section_applied_state_update_counter":0,"litho_section_triggered_sync_state_update_counter":0,"litho_section_triggered_async_state_update_counter":0,"litho_section_calculate_new_changeset_counter":0,"litho_section_calculate_new_changeset_on_ui_counter":0},"startup_stats":{"app_init_ms":55194289,"time_since_app_init_ms":-10163,"first_foreground_ms":55194400,"last_foreground_ms":55195052,"startup_status":"COLD"},"network_detailed_info":{"network_info_network_changed":true,"network_info_celltower_changed":false,"network_info_opened_conn":0,"network_info_signal_level":4,"network_info_signal_dbm":-43,"network_info_frequency_mhz":5825,"network_info_link_speed_mbps":72,"network_info_app_backgrounded":false,"network_info_ms_since_init":950,"network_info_may_have_network":false,"network_info_req_bw_ingress_avg":0,"network_info_req_bw_ingress_std_dev":0.0,"network_info_req_bw_egress_avg":0,"network_info_req_bw_egress_std_dev":0.0,"network_info_latency_quality":"unknown","network_info_upload_bw_quality":"unknown","network_info_download_bw_quality":"unknown","estimated_ttfb_ms":-1,"estimated_bandwidth_bps":-1},"fb4a_startup_stats":{"start_op_count":14,"activity_listener_count":38,"quick_event_listener_count":84,"broadcast_receiver_count":2,"executed_app_job_count":0,"controller_callback_count":0,"tigon_request_count":2,"pigeon_write_count":0,"tofu_fetch_count":0}},"radio_type":"wifi-none","pigeon_reserved_keyword_requested_latency":-1.0},"log_type":"client_event","bg":"false","time":1.614663707604E9,"name":"perf","sampling_rate":1,"tags":1088},{"extra":{"state":"LOGIN_MAIN","pigeon_reserved_keyword_module":"simple_reg","radio_type":"wifi-none","pigeon_reserved_keyword_requested_latency":-1.0},"log_type":"client_event","bg":"false","time":1.614663717684E9,"name":"fb4a_portal_activity_state","sampling_rate":1,"tags":257},{"extra":{"datr_device_snaptu":"5265fc70-f570-449e-ab45-87b032690f5c","event":"render","location":"fb4a_login_page","has_banner_seen":false,"consent_event":null,"is_consent_required":false,"content_type":1,"carrier_id":0,"radio_type":"wifi-none","pigeon_reserved_keyword_requested_latency":-1.0},"log_type":"client_event","bg":"false","time":1.614663717774E9,"name":"zero_header_transparency","sampling_rate":1,"tags":257},{"extra":{"radio_type":"wifi-none","pigeon_reserved_keyword_requested_latency":-1.0},"log_type":"client_event","bg":"false","time":1.614663717777E9,"name":"fbresources_not_available","sampling_rate":200,"tags":257},{"extra":{"audio_config_data":{"audio_language":"en","audio_file_name":"usability_playground_test_en","audio_link":"-1"},"event":"debug_audio_gating_no_value","fb4a_device_id":"5265fc70-f570-449e-ab45-87b032690f5c","current_volume":11,"max_volume":15,"product":"login","has_error":false,"radio_type":"wifi-none","pigeon_reserved_keyword_requested_latency":-1.0},"log_type":"client_event","bg":"false","time":1.614663717832E9,"name":"sc_audio_messages_event","sampling_rate":1,"tags":257},{"extra":{"event_name":"oauth_token_fetch_state","event_info":{"exception_type":"java.io.IOException","state":"token_fetch_exception","exception_message":"Could not bind to service."},"radio_type":"wifi-none","pigeon_reserved_keyword_requested_latency":-1.0},"log_type":"client_event","bg":"false","time":1.614663719385E9,"name":"login_event_client","sampling_rate":1,"tags":257},{"extra":{"pigeon_reserved_keyword_module":"confirmation","error_message":"Get ID token method exception: Could not bind to service.","radio_type":"wifi-none","pigeon_reserved_keyword_requested_latency":-1.0},"log_type":"client_event","bg":"false","time":1.614663719401E9,"name":"email_auto_confirm_failure","sampling_rate":1,"tags":256},{"extra":{"success":true,"nrOptimizationsAttempted":1,"nrOptimizationsFailed":0,"COUNTER_AWAKE_MS":62774,"COUNTER_AWAKE_MS_LAST_ATTEMPT":62774,"COUNTER_AWAKE_REAL_TIME_MS":62774,"COUNTER_AWAKE_REAL_TIME_MS_LAST_ATTEMPT":62774,"COUNTER_AWAKE_YIELD_MS":47158,"COUNTER_AWAKE_YIELD_MS_LAST_ATTEMPT":47158,"COUNTER_AWAKE_RUN_MS":14454,"COUNTER_AWAKE_RUN_MS_LAST_ATTEMPT":14454,"radio_type":"wifi-none","pigeon_reserved_keyword_requested_latency":-1.0},"log_type":"client_event","bg":"false","time":1.614663723015E9,"name":"main_dex_store_optimization_complete","sampling_rate":1,"tags":256}