{"time":1614663038465,"app_id":"350685531728","app_ver":"303.0.0.30.122","build_num":269803764,"device":"MI 3","os_ver":"6.0.1","device_id":"5265fc70-f570-449e-ab45-87b032690f5c","family_device_id":null,"session_id":"UFS-4031141b-e206-4e61-9603-52bfdb8bca26-fg-0","seq":0,"uid":null,"data":[{"extra":{"source_datr":null,"radio_type":"wifi-none","pigeon_reserved_keyword_requested_latency":-1.0},"log_type":"client_event","bg":"true","time":1.614663035946E9,"name":"session_info_fetch_attempted","sampling_rate":1,"tags":513},{"extra":{"pigeon_reserved_keyword_module":"marauder","tier":"normal","beacon_id":0,"beacon_session_id":1178219902,"radio_type":"wifi-none","pigeon_reserved_keyword_requested_latency":-1.0},"log_type":"client_event","bg":"false","time":1.614663038445E9,"name":"pigeon_beacon","sampling_rate":1,"tags":1088},{"extra":{"event_name":"ial_device_info","event_info":{"screen_size_height":"1920","year_class":"2013","screen_size_width":"1080","android_version":"23","screen_size_dpi":"480","locale":"zh_CN"},"radio_type":"wifi-none","pigeon_reserved_keyword_requested_latency":-1.0},"log_type":"client_event","bg":"true","time":1.614663036263E9,"name":"login_event_client","sampling_rate":1,"tags":769}