{"time":1614663724823,"app_id":"350685531728","app_ver":"303.0.0.30.122","build_num":269803764,"device":"MI 3","os_ver":"6.0.1","device_id":"5265fc70-f570-449e-ab45-87b032690f5c","family_device_id":"5265fc70-f570-449e-ab45-87b032690f5c","session_id":"UFS-62fb6d8f-3757-4c3f-851e-c09774b04506-bg-1","seq":0,"uid":null,"data":[{"extra":{"job_info":{"hints":"[DEFERRABLE, SCOPE_APP_IN_FOREGROUND, TRIGGER_SCOPE_ENTER]","completed_time":"55203009","scheduled_time":"55202913","started_time":"55203008","description":"com.facebook.composer.publish.PendingStoryRestoreCoordinator#onAppForegrounded"},"radio_type":"wifi-none","pigeon_reserved_keyword_requested_latency":-1.0},"log_type":"client_event","bg":"true","time":1.61466372481E9,"name":"android_job_orchestrator","sampling_rate":200,"tags":257}