{"time":1614697776450,"app_id":"350685531728","app_ver":"303.0.0.30.122","build_num":269803764,"device":"MI 3","os_ver":"6.0.1","device_id":"5265fc70-f570-449e-ab45-87b032690f5c","family_device_id":"5265fc70-f570-449e-ab45-87b032690f5c","session_id":"UFS-3e9a7c0e-8ae4-4584-8ea4-621eaf6c7926-fg-0","seq":0,"uid":null,"data":[{"extra":{"pigeon_reserved_keyword_module":"unknown","seq":0,"nav_attribution_id":{},"nav_attribution_id_v2":"SimpleLoginActivity,,foreground,1614697774.539,207110406,","click_point":"foreground","dest_module_class":"SimpleLoginActivity","radio_type":"wifi-none","pigeon_reserved_keyword_requested_latency":-1.0},"log_type":"client_event","bg":"false","time":1.614697774527E9,"name":"navigation","sampling_rate":1,"tags":768},{"extra":{"pigeon_reserved_keyword_module":"marauder","tier":"normal","beacon_id":4,"beacon_session_id":1178219902,"radio_type":"wifi-none","pigeon_reserved_keyword_requested_latency":-1.0},"log_type":"client_event","bg":"false","time":1.614697776441E9,"name":"pigeon_beacon","sampling_rate":1,"tags":1088},{"extra":{"state":"LOGIN_MAIN","pigeon_reserved_keyword_module":"simple_reg","radio_type":"wifi-none","pigeon_reserved_keyword_requested_latency":-1.0},"log_type":"client_event","bg":"false","time":1.614697775415E9,"name":"fb4a_portal_activity_state","sampling_rate":1,"tags":257},{"extra":{"datr_device_snaptu":"5265fc70-f570-449e-ab45-87b032690f5c","event":"render","location":"fb4a_login_page","has_banner_seen":false,"consent_event":null,"is_consent_required":false,"content_type":1,"carrier_id":0,"radio_type":"wifi-none","pigeon_reserved_keyword_requested_latency":-1.0},"log_type":"client_event","bg":"false","time":1.614697775571E9,"name":"zero_header_transparency","sampling_rate":1,"tags":257},{"extra":{"audio_config_data":{"audio_language":"en","audio_file_name":"usability_playground_test_en","audio_link":"-1"},"event":"debug_audio_gating_no_value","fb4a_device_id":"5265fc70-f570-449e-ab45-87b032690f5c","current_volume":11,"max_volume":15,"product":"login","has_error":false,"radio_type":"wifi-none","pigeon_reserved_keyword_requested_latency":-1.0},"log_type":"client_event","bg":"false","time":1.614697775638E9,"name":"sc_audio_messages_event","sampling_rate":1,"tags":257},{"extra":{"marker_id":3997703,"instance_id":569142709,"sample_rate":1,"time_since_boot_ms":697142,"duration_ns":4943000000,"action_id":2,"marker_type":1,"method":"random_sampling","annotations_int":{"coldStartMode":3,"sinceBoot":702087,"activitiesCreated":2,"startCount":0,"priorStartType":0},"annotations_bool":{"isScreenOff":false,"isDeviceLocked":false},"annotations":{"runningAppProcessImportance":"IMPORTANCE_FOREGROUND","stories_tray_client_request_id":"d0d0a23e-e19b-485e-95fb-d4c174e898de","tray_fetch_reason":"cold_start","tray_not_available_reason":"graphql_error","surface":"login_screen","manually_instrumented_surface":"login_screen","preloadStartupClasses":"not_attempted","successReason":"manual_login_screen","language_load_from_cache":"false","language_format":"langpack"},"marker":"client_tti","points":[{"timeSinceStart":2812,"name":"preloadBackgroundComponentsStart"},{"timeSinceStart":2821,"name":"preloadBackgroundComponentsEnd"},{"timeSinceStart":2821,"name":"preloadForegroundComponentsStart"},{"timeSinceStart":3767,"name":"stories_tray_early_fetch_started"},{"timeSinceStart":3792,"name":"stories_tray_fetch_begin"},{"timeSinceStart":3793,"name":"stories_tray_query_prepare_start"},{"timeSinceStart":3925,"name":"Activity:onFinish","data":{"string":{"__key":"com.facebook.katana.activity.FbMainTabActivity"}}},{"timeSinceStart":3932,"name":"Activity:onFinish1","data":{"string":{"__key":"com.facebook.katana.activity.FbMainTabActivity"}}},{"timeSinceStart":3956,"name":"Activity:onCreate","data":{"string":{"__key":"com.facebook.katana.activity.FbMainTabActivity"}}},{"timeSinceStart":3960,"name":"stories_tray_query_prepare_end"},{"timeSinceStart":3988,"name":"Activity:onDestroy","data":{"string":{"__key":"com.facebook.katana.activity.FbMainTabActivity"}}},{"timeSinceStart":4004,"name":"Activity:onCreate1","data":{"string":{"__key":"com.facebook.account.login.activity.SimpleLoginActivity"}}},{"timeSinceStart":4551,"name":"Activity:onStart","data":{"string":{"__key":"com.facebook.account.login.activity.SimpleLoginActivity"}}},{"timeSinceStart":4554,"name":"preloadForegroundComponentsEnd"},{"timeSinceStart":4880,"name":"Activity:onResume","data":{"string":{"__key":"com.facebook.account.login.activity.SimpleLoginActivity"}}},{"timeSinceStart":4943,"name":"surface_marked","data":{"string":{"__key":"login_screen"}}},{"timeSinceStart":2801,"name":"StringResourcesDelegate:init"},{"timeSinceStart":2803,"name":"StringResourcesDelegate:loadResourcesIfNeeded"},{"timeSinceStart":3609,"name":"ColdStart/ApplicationCreate"},{"timeSinceStart":4016,"name":"StringResourcesActivityListener:Start"},{"timeSinceStart":4016,"name":"StringResourcesActivityListener:UpdateLanguagePackStarted"},{"timeSinceStart":4017,"name":"StringResourcesActivityListener:UpdatedLanguage"},{"timeSinceStart":4018,"name":"StringResourcesActivityListener:GotReactNativeResources"},{"timeSinceStart":4018,"name":"StringResourcesActivityListener:Complete"}],"metadata":{"cpu_stats":{"start_pri":0,"stop_pri":0,"ps_cpu_ms":2476,"th_cpu_ms":545,"low_power_state":"false"},"io_stats":{"ps_flt":85,"proc_delayacct_blkio_ticks":0,"th_flt":12,"class_load_attempts":4033,"dex_queries":5698,"class_loads_failed":1,"locator_assists":0,"wrong_dfa_guesses":0,"allocstall":0,"pages_in":175020,"pages_out":1892,"ps_min_flt":43415,"avail_disk_spc_kb":9009252,"io_readbytes":0,"io_readchars":0,"io_readsyscalls":0,"io_writebytes":0,"io_writechars":0,"io_writesyscalls":0,"io_cancelledwb":0},"memory_stats":{"avail_mem":988336128,"low_mem":140963840,"total_mem":2067419136},"network_stats":{"connqual":"GOOD","network_type":"wifi","network_subtype":"none"},"dex_info":{"odex_scheme_name":"OdexSchemeArtXdex","disabled_rt_verifier":true,"class_name":"MultiDexClassLoaderJava"},"data_usage":{"bytes_received":6045,"bytes_transmitted":3089},"litho_stats":{"litho_component_applied_state_update_counter":0,"litho_component_triggered_sync_state_update_counter":0,"litho_component_triggered_async_state_update_counter":0,"litho_calculate_layout_counter":0,"litho_calculate_layout_on_ui_counter":0,"litho_mount_counter":0,"litho_section_applied_state_update_counter":0,"litho_section_triggered_sync_state_update_counter":0,"litho_section_triggered_async_state_update_counter":0,"litho_section_calculate_new_changeset_counter":0,"litho_section_calculate_new_changeset_on_ui_counter":0},"startup_stats":{"app_init_ms":700847,"time_since_app_init_ms":-3705,"first_foreground_ms":701089,"last_foreground_ms":702081,"startup_status":"COLD"},"network_detailed_info":{"network_info_network_changed":true,"network_info_celltower_changed":false,"network_info_opened_conn":0,"network_info_signal_level":4,"network_info_signal_dbm":-44,"network_info_frequency_mhz":5825,"network_info_link_speed_mbps":72,"network_info_app_backgrounded":false,"network_info_ms_since_init":2163,"network_info_may_have_network":false,"network_info_req_bw_ingress_avg":0,"network_info_req_bw_ingress_std_dev":0.0,"network_info_req_bw_egress_avg":0,"network_info_req_bw_egress_std_dev":0.0,"network_info_latency_quality":"unknown","network_info_upload_bw_quality":"unknown","network_info_download_bw_quality":"unknown","estimated_ttfb_ms":-1,"estimated_bandwidth_bps":-1},"fb4a_startup_stats":{"start_op_count":14,"activity_listener_count":38,"quick_event_listener_count":84,"broadcast_receiver_count":2,"executed_app_job_count":0,"controller_callback_count":0,"tigon_request_count":2,"pigeon_write_count":0,"tofu_fetch_count":0}},"radio_type":"wifi-none","pigeon_reserved_keyword_requested_latency":-1.0},"log_type":"client_event","bg":"false","time":1.614697772346E9,"name":"perf","sampling_rate":1,"tags":1088},{"extra":{"event_name":"oauth_token_fetch_state","event_info":{"exception_type":"java.io.IOException","state":"token_fetch_exception","exception_message":"Could not bind to service."},"radio_type":"wifi-none","pigeon_reserved_keyword_requested_latency":-1.0},"log_type":"client_event","bg":"false","time":1.614697776E9,"name":"login_event_client","sampling_rate":1,"tags":257},{"extra":{"pigeon_reserved_keyword_module":"confirmation","error_message":"Get ID token method exception: Could not bind to service.","radio_type":"wifi-none","pigeon_reserved_keyword_requested_latency":-1.0},"log_type":"client_event","bg":"false","time":1.614697776001E9,"name":"email_auto_confirm_failure","sampling_rate":1,"tags":256},{"extra":{"radio_type":"wifi-none","pigeon_reserved_keyword_requested_latency":-1.0},"log_type":"client_event","bg":"false","time":1.614697776401E9,"name":"search_sent","sampling_rate":1,"tags":257},{"extra":{"trigger_name":"action_network_connectivity_changed","job_name":"FbMainTabActivityZeroRatingController.onNetworkChanged","is_needed_time":0,"radio_type":"wifi-none","pigeon_reserved_keyword_requested_latency":-1.0},"log_type":"client_event","bg":"false","time":1.614697779751E9,"name":"appjobs_android_job_skipped","sampling_rate":200,"tags":257},{"extra":{"job_info":{"hints":"[DEFERRABLE, SCOPE_COLD_START]","completed_time":"707997","scheduled_time":"707331","started_time":"707992","description":"com.facebook.powermanagement.RadioPowerManagerInstaller#init"},"radio_type":"wifi-none","pigeon_reserved_keyword_requested_latency":-1.0},"log_type":"client_event","bg":"false","time":1.614697780497E9,"name":"android_job_orchestrator","sampling_rate":200,"tags":257},{"extra":{"boot_id":"0ccc9c39-5aec-48c1-bf12-59771aacb157","battery":0.7699999809265137,"charge_state":"charging_usb","battery_health":"good","wifi_enabled":true,"wifi_connected":true,"mobile_data_enabled":"true","airplane_mode_on":"false","time_since_boot_ms":708030,"screen_brightness_raw_value":95,"connection":"WIFI","free_mem":481,"total_mem":512,"total_mem_device":2067419136,"analytic_counters":{"device_bytes_sent_since_boot":6830563,"total_device_bytes_sent":10183,"app_bytes_received_since_boot":800,"total_bytes_received_foreground":404,"app_bytes_sent_since_boot":7719,"device_bytes_received_since_boot":40178161,"total_bytes_received":800,"total_bytes_sent":7479,"total_bytes_sent_foreground":3793,"total_device_bytes_received":2735},"process":"<default>","pigeon_reserved_keyword_module":"device","radio_type":"wifi-none","pigeon_reserved_keyword_requested_latency":-1.0},"log_type":"client_event","bg":"false","time":1.614697780499E9,"name":"device_status","sampling_rate":1,"tags":1088},{"extra":{"trigger_name":"first_app_foregrounded","job_name":"SearchNullStateListSupplier.init","wait_time":6739,"execution_time":4,"radio_type":"wifi-none","pigeon_reserved_keyword_requested_latency":-1.0},"log_type":"client_event","bg":"false","time":1.614697781324E9,"name":"appjobs_android_job_finished","sampling_rate":200,"tags":257},{"extra":{"trigger_name":"first_app_foregrounded","job_name":"FileCacheDelayedWorkerScheduler.init","wait_time":6921,"execution_time":3,"radio_type":"wifi-none","pigeon_reserved_keyword_requested_latency":-1.0},"log_type":"client_event","bg":"false","time":1.614697781506E9,"name":"appjobs_android_job_finished","sampling_rate":200,"tags":257},{"extra":{"job_info":{"hints":"[DEFERRABLE, SCOPE_APP_IN_FOREGROUND, TRIGGER_SCOPE_ENTER]","completed_time":"709996","scheduled_time":"709986","started_time":"709995","description":"com.facebook.accessibility.logging.TouchExplorationStateChangeDetector#onForegroundAppJob"},"radio_type":"wifi-none","pigeon_reserved_keyword_requested_latency":-1.0},"log_type":"client_event","bg":"false","time":1.614697782496E9,"name":"android_job_orchestrator","sampling_rate":200,"tags":257}