{"time":1615357234277,"app_id":"350685531728","app_ver":"303.0.0.30.122","build_num":269803764,"device":"MI 3","os_ver":"6.0.1","device_id":"5265fc70-f570-449e-ab45-87b032690f5c","family_device_id":"5265fc70-f570-449e-ab45-87b032690f5c","session_id":"UFS-a8e0ef7e-67e0-45ec-98b9-007cbe0fc792-bg-3","seq":0,"uid":null,"data":[{"extra":{"state":"background","visitation_id":null,"connection":"WIFI","nav_attribution_id_json":"{}","nav_attribution_id_v2":"SimpleLoginActivity,,foreground,1615357219.837,25569154,","analytic_counters":{"total_bytes_sent":4200,"app_bytes_received_since_boot":0,"total_mobile_bytes_sent":0,"total_device_bytes_received":646337,"total_device_bytes_sent":334400,"mobile_device_bytes_received_since_boot":0,"total_bytes_received":0,"total_mobile_bytes_received":0,"device_bytes_sent_since_boot":88698014,"other_fb_sent_bg":0,"mobile_device_bytes_sent_since_boot":0,"app_bytes_sent_since_boot":12000,"device_bytes_received_since_boot":90271792},"click_point":null,"radio_type":"wifi-none","pigeon_reserved_keyword_requested_latency":-1.0},"log_type":"client_event","bg":"true","time":1.615357234269E9,"name":"app_state","sampling_rate":200,"tags":257},{"extra":{"trigger_name":"app_backgrounded","job_name":"TransientNetworkTraceLateInit.onBackgroundAppJob","wait_time":219,"is_needed_time":0,"radio_type":"wifi-none","pigeon_reserved_keyword_requested_latency":-1.0},"log_type":"client_event","bg":"true","time":1.615357234402E9,"name":"appjobs_android_job_started","sampling_rate":200,"tags":257},{"extra":{"trigger_name":"app_backgrounded","job_name":"UserInteractionHistory.saveLastUsedTimeAppJob","wait_time":250,"execution_time":1,"radio_type":"wifi-none","pigeon_reserved_keyword_requested_latency":-1.0},"log_type":"client_event","bg":"true","time":1.615357234433E9,"name":"appjobs_android_job_finished","sampling_rate":200,"tags":257},{"extra":{"job_info":{"hints":"[DEFERRABLE, SCOPE_APP_IN_FOREGROUND, TRIGGER_SCOPE_EXIT, USER_LOGGED_IN_REQUIRED]","completed_time":"4866748","scheduled_time":"4866508","started_time":"4866745","description":"com.facebook.messaginginblue.inbox.controllers.appjobs.ClientPushInfoAppJobs#onAppBackground"},"radio_type":"wifi-none","pigeon_reserved_keyword_requested_latency":-1.0},"log_type":"client_event","bg":"true","time":1.615357234592E9,"name":"android_job_orchestrator","sampling_rate":200,"tags":257},{"extra":{"trigger_name":"app_backgrounded","job_name":"FBMsysSyncManager.onBackground","wait_time":415,"is_needed_time":0,"radio_type":"wifi-none","pigeon_reserved_keyword_requested_latency":-1.0},"log_type":"client_event","bg":"true","time":1.615357234598E9,"name":"appjobs_android_job_started","sampling_rate":200,"tags":257}