{"time":1615357293137,"app_id":"350685531728","app_ver":"303.0.0.30.122","build_num":269803764,"device":"MI 3","os_ver":"6.0.1","device_id":"5265fc70-f570-449e-ab45-87b032690f5c","family_device_id":"5265fc70-f570-449e-ab45-87b032690f5c","session_id":"UFS-a8e0ef7e-67e0-45ec-98b9-007cbe0fc792-bg-5","seq":1,"uid":null,"data":[{"extra":{"job_info":{"hints":"[DEFERRABLE, SCOPE_APP_IN_FOREGROUND, TRIGGER_SCOPE_EXIT]","completed_time":"4925290","scheduled_time":"4925280","started_time":"4925289","description":"com.facebook.account.recovery.service.AccountRecoveryActivationsReceiverRegistration#onAppBackgrounded"},"radio_type":"wifi-none","pigeon_reserved_keyword_requested_latency":-1.0},"log_type":"client_event","bg":"true","time":1.615357293134E9,"name":"android_job_orchestrator","sampling_rate":200,"tags":257},{"extra":{"job_info":{"hints":"[DEFERRABLE, SCOPE_APP_IN_FOREGROUND, TRIGGER_SCOPE_EXIT]","completed_time":"4925331","scheduled_time":"4925281","started_time":"4925331","description":"com.facebook.common.fray.analytics.ProcmapLogger#logProcmaps"},"radio_type":"wifi-none","pigeon_reserved_keyword_requested_latency":-1.0},"log_type":"client_event","bg":"true","time":1.615357293175E9,"name":"android_job_orchestrator","sampling_rate":200,"tags":257},{"extra":{"job_info":{"hints":"[DEFERRABLE, SCOPE_APP_IN_FOREGROUND, TRIGGER_SCOPE_EXIT]","completed_time":"4925366","scheduled_time":"4925282","started_time":"4925366","description":"com.facebook.fbui.uitracker.logger.UITrackerLoggingInitializer#onBackground"},"radio_type":"wifi-none","pigeon_reserved_keyword_requested_latency":-1.0},"log_type":"client_event","bg":"true","time":1.61535729321E9,"name":"android_job_orchestrator","sampling_rate":200,"tags":257},{"extra":{"job_info":{"hints":"[DEFERRABLE, SCOPE_APP_IN_FOREGROUND, TRIGGER_SCOPE_EXIT]","completed_time":"4925501","scheduled_time":"4925285","started_time":"4925501","description":"com.facebook.video.chromecast.CastDevicesManager#onBackgroundAppJob"},"radio_type":"wifi-none","pigeon_reserved_keyword_requested_latency":-1.0},"log_type":"client_event","bg":"true","time":1.615357293346E9,"name":"android_job_orchestrator","sampling_rate":200,"tags":257},{"extra":{"job_info":{"hints":"[DEFERRABLE]","completed_time":"4933510","scheduled_time":"4931586","started_time":"4933458","description":"com.facebook.events.permalinkv2.EventPermalinkLithoEventFragment#handleConnectivityChanged"},"radio_type":"wifi-none","pigeon_reserved_keyword_requested_latency":-1.0},"log_type":"client_event","bg":"true","time":1.615357301368E9,"name":"android_job_orchestrator","sampling_rate":200,"tags":257}