{"time":1615357220525,"app_id":"350685531728","app_ver":"303.0.0.30.122","build_num":269803764,"device":"MI 3","os_ver":"6.0.1","device_id":"5265fc70-f570-449e-ab45-87b032690f5c","family_device_id":"5265fc70-f570-449e-ab45-87b032690f5c","session_id":"UFS-a8e0ef7e-67e0-45ec-98b9-007cbe0fc792-fg-2","seq":0,"uid":null,"data":[{"extra":{"pigeon_reserved_keyword_module":"unknown","seq":1,"nav_attribution_id":{},"nav_attribution_id_v2":"SimpleLoginActivity,,foreground,1615357219.837,25569154,","click_point":"foreground","dest_module_class":"SimpleLoginActivity","radio_type":"wifi-none","pigeon_reserved_keyword_requested_latency":-1.0},"log_type":"client_event","bg":"false","time":1.615357219806E9,"name":"navigation","sampling_rate":1,"tags":256},{"extra":{"audio_config_data":{"audio_language":"en","audio_file_name":"usability_playground_test_en","audio_link":"-1"},"event":"debug_audio_gating_no_value","fb4a_device_id":"5265fc70-f570-449e-ab45-87b032690f5c","current_volume":11,"max_volume":15,"product":"login","has_error":false,"radio_type":"wifi-none","pigeon_reserved_keyword_requested_latency":-1.0},"log_type":"client_event","bg":"false","time":1.615357220691E9,"name":"sc_audio_messages_event","sampling_rate":1,"tags":257},{"extra":{"marker_id":3997705,"instance_id":141066745,"sample_rate":1,"time_since_boot_ms":4851833,"duration_ns":186000000,"action_id":2,"marker_type":1,"method":"random_sampling","annotations":{"surface":"login_screen","manually_instrumented_surface":"login_screen","preloadStartupClasses":"not_attempted","successReason":"manual_login_screen"},"annotations_int":{"sinceBoot":4852026,"activitiesCreated":0,"startCount":1,"priorStartType":1},"marker":"client_tti","points":[{"timeSinceStart":126,"name":"Activity:onResume","data":{"string":{"__key":"com.facebook.account.login.activity.SimpleLoginActivity"}}},{"timeSinceStart":186,"name":"surface_marked","data":{"string":{"__key":"login_screen"}}}],"metadata":{"network_stats":{"connqual":"GOOD","network_type":"wifi","network_subtype":"none"},"dex_info":{"odex_scheme_name":"OdexSchemeArtXdex","disabled_rt_verifier":true,"class_name":"MultiDexClassLoaderJava"},"litho_stats":{"litho_component_applied_state_update_counter":0,"litho_component_triggered_sync_state_update_counter":0,"litho_component_triggered_async_state_update_counter":0,"litho_calculate_layout_counter":0,"litho_calculate_layout_on_ui_counter":0,"litho_mount_counter":0,"litho_section_applied_state_update_counter":0,"litho_section_triggered_sync_state_update_counter":0,"litho_section_triggered_async_state_update_counter":0,"litho_section_calculate_new_changeset_counter":0,"litho_section_calculate_new_changeset_on_ui_counter":0},"startup_stats":{"app_init_ms":4638053,"time_since_app_init_ms":213780,"first_foreground_ms":4638272,"last_foreground_ms":4852018,"startup_status":"HOT"},"cpu_stats":{"start_pri":0,"stop_pri":0,"ps_cpu_ms":"29","th_cpu_ms":28,"low_power_state":"false"},"network_detailed_info":{"network_info_network_changed":false,"network_info_celltower_changed":false,"network_info_opened_conn":0,"network_info_signal_level":4,"network_info_signal_dbm":-47,"network_info_frequency_mhz":5825,"network_info_link_speed_mbps":72,"network_info_app_backgrounded":false,"network_info_ms_since_init":214704,"network_info_may_have_network":false,"network_info_req_bw_ingress_avg":0,"network_info_req_bw_ingress_std_dev":0.0,"network_info_req_bw_egress_avg":0,"network_info_req_bw_egress_std_dev":0.0,"network_info_latency_quality":"unknown","network_info_upload_bw_quality":"unknown","network_info_download_bw_quality":"unknown","estimated_ttfb_ms":-1,"estimated_bandwidth_bps":-1},"fb4a_startup_stats":{"start_op_count":0,"activity_listener_count":10,"quick_event_listener_count":11,"broadcast_receiver_count":0,"executed_app_job_count":0,"controller_callback_count":0,"tigon_request_count":0,"pigeon_write_count":0,"tofu_fetch_count":0}},"radio_type":"wifi-none","pigeon_reserved_keyword_requested_latency":-1.0},"log_type":"client_event","bg":"false","time":1.615357219801E9,"name":"perf","sampling_rate":1,"tags":1088},{"extra":{"tos_id":"cooko7","start_time":1615357220,"tos_array":"[1, 0]","tos_len":2,"tos_seq":1,"tos_cum":2,"start_session_id":"UFS-a8e0ef7e-67e0-45ec-98b9-007cbe0fc792-fg-2","google_ad_id":"84ca00bb-a9b0-429f-a0c4-0a3c3e89032b","radio_type":"wifi-none","pigeon_reserved_keyword_requested_latency":-1.0},"log_type":"client_event","bg":"false","time":1.615357221163E9,"name":"time_spent_bit_array","sampling_rate":1,"tags":256},{"extra":{"audio_config_data":{"audio_language":"en","audio_file_name":"usability_playground_test_en","audio_link":"-1"},"event":"debug_audio_gating_no_value","fb4a_device_id":"5265fc70-f570-449e-ab45-87b032690f5c","current_volume":11,"max_volume":15,"product":"login","has_error":false,"radio_type":"wifi-none","pigeon_reserved_keyword_requested_latency":-1.0},"log_type":"client_event","bg":"false","time":1.615357224859E9,"name":"sc_audio_messages_event","sampling_rate":1,"tags":257},{"extra":{"tos_id":"cooko7","start_time":1615357221,"tos_array":"[11, 0]","tos_len":9,"tos_seq":2,"tos_cum":5,"start_session_id":"UFS-a8e0ef7e-67e0-45ec-98b9-007cbe0fc792-fg-2","google_ad_id":"84ca00bb-a9b0-429f-a0c4-0a3c3e89032b","radio_type":"wifi-none","pigeon_reserved_keyword_requested_latency":-1.0},"log_type":"client_event","bg":"true","time":1.615357234196E9,"name":"time_spent_bit_array","sampling_rate":1,"tags":256}