{"time":1615357370230,"app_id":"350685531728","app_ver":"303.0.0.30.122","build_num":269803764,"device":"MI 3","os_ver":"6.0.1","device_id":"5265fc70-f570-449e-ab45-87b032690f5c","family_device_id":"5265fc70-f570-449e-ab45-87b032690f5c","session_id":"UFS-a8e0ef7e-67e0-45ec-98b9-007cbe0fc792-fg-9","seq":2,"uid":"100057804977794","claims":["hmac.AR2ZJvJawHDoTViZoGNBWSeSx04MfnAubrlF1qN_WBN9p9t8"],"data":[{"extra":{"scenario":"scroll_perf_android","summaries":[],"radio_type":"wifi-none","pigeon_reserved_keyword_requested_latency":-2.0},"log_type":"client_event","bg":"true","time":1.615357370222E9,"name":"qpl_aggregations","sampling_rate":1,"tags":257}