{"time":1615357320787,"app_id":"350685531728","app_ver":"303.0.0.30.122","build_num":269803764,"device":"MI 3","os_ver":"6.0.1","device_id":"5265fc70-f570-449e-ab45-87b032690f5c","family_device_id":"5265fc70-f570-449e-ab45-87b032690f5c","session_id":"UFS-a8e0ef7e-67e0-45ec-98b9-007cbe0fc792-fg-7","seq":1,"uid":"100057804977794","claims":["hmac.AR2ZJvJawHDoTViZoGNBWSeSx04MfnAubrlF1qN_WBN9p9t8"],"data":[{"extra":{"sim_info":[{"index":0,"state":"ABSENT","carrier":"","sim_carrier_name":null,"sim_display_name":null,"carrier_country_iso":"","network_type":"UNKNOWN","phone_type":"GSM","country_iso":"","phone_number":null,"phone_number_by_library":{"java_reflection":null,"android_telephony_manager":null,"mediatek":null,"android_subscription_manager":null},"serial_number":null,"subscriber_id":null}],"device_locale":"zh_CN","app_locale":"zh_CN","device_type":"MI 3","os_build":"MOB31E","os_ver":"6.0.1","year_class":"2013","os_sdk":"23","brand":"Xiaomi","os_type":"Android","manufacturer":"Xiaomi","install_location":"internal_storage","is_tablet":"false","pigeon_reserved_keyword_module":"device","radio_type":"wifi-none","pigeon_reserved_keyword_requested_latency":-2.0},"log_type":"client_event","bg":"false","time":1.615357318409E9,"name":"simplified_device_info","sampling_rate":1,"tags":256},{"extra":{"scenario":"scroll_perf_android","summaries":[],"radio_type":"wifi-none","pigeon_reserved_keyword_requested_latency":-2.0},"log_type":"client_event","bg":"true","time":1.6153573326E9,"name":"qpl_aggregations","sampling_rate":1,"tags":257}