{
  "$generated": "@generated SignedSource<<aedaa6d3b6ea95a99c84dabe7e946c17>>",
  "PromotionsHubObjectiveSectionQuery": {
    "id": "2980682375279204",
    "variables": [
      "id",
      "source_location"
    ]
  },
  "PromotionsHubPromotionSectionQuery": {
    "id": "3787771391264285",
    "variables": [
      "id",
      "source_location"
    ]
  },
  "PromotionsHubViewQuery": {
    "id": "3609808285720539",
    "variables": [
      "id"
    ]
  },
  "PromotionsHubVitalsQuery": {
    "id": "2740952502679164",
    "variables": [
      "id"
    ]
  }
}
